variavel,descricao,fonte,link_fonte,ano_dado,unidade,nivel_geografico,forma_calculo,limitacoes,source_id,selecionada_para_modelo,categorias_codigo,categorias_descricao,source_column_index_zero_based
vab_agropecuaria_mil_reais,vab agropecuaria mil reais,IBGE — PIB dos Municípios,https://ftp.ibge.gov.br/Pib_Municipios/2022_2023/base/base_de_dados_2010_2023_txt.zip,2010,Mil Reais,Município,"Valor publicado, lido por posição fixa; preços correntes.","PIB per capita não é renda domiciliar. Em 2022–2023, somente PIB/PIB per capita; denominadores populacionais censitários e revisões descritos no PDF do pacote.",ibge_pib_2010_2023,False,,,
vab_agropecuaria_mil_reais,vab agropecuaria mil reais,IBGE — PIB dos Municípios,https://ftp.ibge.gov.br/Pib_Municipios/2022_2023/base/base_de_dados_2010_2023_txt.zip,2011,Mil Reais,Município,"Valor publicado, lido por posição fixa; preços correntes.","PIB per capita não é renda domiciliar. Em 2022–2023, somente PIB/PIB per capita; denominadores populacionais censitários e revisões descritos no PDF do pacote.",ibge_pib_2010_2023,False,,,
vab_agropecuaria_mil_reais,vab agropecuaria mil reais,IBGE — PIB dos Municípios,https://ftp.ibge.gov.br/Pib_Municipios/2022_2023/base/base_de_dados_2010_2023_txt.zip,2012,Mil Reais,Município,"Valor publicado, lido por posição fixa; preços correntes.","PIB per capita não é renda domiciliar. Em 2022–2023, somente PIB/PIB per capita; denominadores populacionais censitários e revisões descritos no PDF do pacote.",ibge_pib_2010_2023,False,,,
vab_agropecuaria_mil_reais,vab agropecuaria mil reais,IBGE — PIB dos Municípios,https://ftp.ibge.gov.br/Pib_Municipios/2022_2023/base/base_de_dados_2010_2023_txt.zip,2013,Mil Reais,Município,"Valor publicado, lido por posição fixa; preços correntes.","PIB per capita não é renda domiciliar. Em 2022–2023, somente PIB/PIB per capita; denominadores populacionais censitários e revisões descritos no PDF do pacote.",ibge_pib_2010_2023,False,,,
vab_agropecuaria_mil_reais,vab agropecuaria mil reais,IBGE — PIB dos Municípios,https://ftp.ibge.gov.br/Pib_Municipios/2022_2023/base/base_de_dados_2010_2023_txt.zip,2014,Mil Reais,Município,"Valor publicado, lido por posição fixa; preços correntes.","PIB per capita não é renda domiciliar. Em 2022–2023, somente PIB/PIB per capita; denominadores populacionais censitários e revisões descritos no PDF do pacote.",ibge_pib_2010_2023,False,,,
vab_agropecuaria_mil_reais,vab agropecuaria mil reais,IBGE — PIB dos Municípios,https://ftp.ibge.gov.br/Pib_Municipios/2022_2023/base/base_de_dados_2010_2023_txt.zip,2015,Mil Reais,Município,"Valor publicado, lido por posição fixa; preços correntes.","PIB per capita não é renda domiciliar. Em 2022–2023, somente PIB/PIB per capita; denominadores populacionais censitários e revisões descritos no PDF do pacote.",ibge_pib_2010_2023,False,,,
vab_agropecuaria_mil_reais,vab agropecuaria mil reais,IBGE — PIB dos Municípios,https://ftp.ibge.gov.br/Pib_Municipios/2022_2023/base/base_de_dados_2010_2023_txt.zip,2016,Mil Reais,Município,"Valor publicado, lido por posição fixa; preços correntes.","PIB per capita não é renda domiciliar. Em 2022–2023, somente PIB/PIB per capita; denominadores populacionais censitários e revisões descritos no PDF do pacote.",ibge_pib_2010_2023,False,,,
vab_agropecuaria_mil_reais,vab agropecuaria mil reais,IBGE — PIB dos Municípios,https://ftp.ibge.gov.br/Pib_Municipios/2022_2023/base/base_de_dados_2010_2023_txt.zip,2017,Mil Reais,Município,"Valor publicado, lido por posição fixa; preços correntes.","PIB per capita não é renda domiciliar. Em 2022–2023, somente PIB/PIB per capita; denominadores populacionais censitários e revisões descritos no PDF do pacote.",ibge_pib_2010_2023,False,,,
vab_agropecuaria_mil_reais,vab agropecuaria mil reais,IBGE — PIB dos Municípios,https://ftp.ibge.gov.br/Pib_Municipios/2022_2023/base/base_de_dados_2010_2023_txt.zip,2018,Mil Reais,Município,"Valor publicado, lido por posição fixa; preços correntes.","PIB per capita não é renda domiciliar. Em 2022–2023, somente PIB/PIB per capita; denominadores populacionais censitários e revisões descritos no PDF do pacote.",ibge_pib_2010_2023,False,,,
vab_agropecuaria_mil_reais,vab agropecuaria mil reais,IBGE — PIB dos Municípios,https://ftp.ibge.gov.br/Pib_Municipios/2022_2023/base/base_de_dados_2010_2023_txt.zip,2019,Mil Reais,Município,"Valor publicado, lido por posição fixa; preços correntes.","PIB per capita não é renda domiciliar. Em 2022–2023, somente PIB/PIB per capita; denominadores populacionais censitários e revisões descritos no PDF do pacote.",ibge_pib_2010_2023,False,,,
vab_agropecuaria_mil_reais,vab agropecuaria mil reais,IBGE — PIB dos Municípios,https://ftp.ibge.gov.br/Pib_Municipios/2022_2023/base/base_de_dados_2010_2023_txt.zip,2020,Mil Reais,Município,"Valor publicado, lido por posição fixa; preços correntes.","PIB per capita não é renda domiciliar. Em 2022–2023, somente PIB/PIB per capita; denominadores populacionais censitários e revisões descritos no PDF do pacote.",ibge_pib_2010_2023,False,,,
vab_agropecuaria_mil_reais,vab agropecuaria mil reais,IBGE — PIB dos Municípios,https://ftp.ibge.gov.br/Pib_Municipios/2022_2023/base/base_de_dados_2010_2023_txt.zip,2021,Mil Reais,Município,"Valor publicado, lido por posição fixa; preços correntes.","PIB per capita não é renda domiciliar. Em 2022–2023, somente PIB/PIB per capita; denominadores populacionais censitários e revisões descritos no PDF do pacote.",ibge_pib_2010_2023,False,,,
vab_agropecuaria_mil_reais,vab agropecuaria mil reais,IBGE — PIB dos Municípios,https://ftp.ibge.gov.br/Pib_Municipios/2022_2023/base/base_de_dados_2010_2023_txt.zip,2022,Mil Reais,Município,"Valor publicado, lido por posição fixa; preços correntes.","PIB per capita não é renda domiciliar. Em 2022–2023, somente PIB/PIB per capita; denominadores populacionais censitários e revisões descritos no PDF do pacote.",ibge_pib_2010_2023,False,,,
vab_agropecuaria_mil_reais,vab agropecuaria mil reais,IBGE — PIB dos Municípios,https://ftp.ibge.gov.br/Pib_Municipios/2022_2023/base/base_de_dados_2010_2023_txt.zip,2023,Mil Reais,Município,"Valor publicado, lido por posição fixa; preços correntes.","PIB per capita não é renda domiciliar. Em 2022–2023, somente PIB/PIB per capita; denominadores populacionais censitários e revisões descritos no PDF do pacote.",ibge_pib_2010_2023,False,,,
vab_industria_mil_reais,vab industria mil reais,IBGE — PIB dos Municípios,https://ftp.ibge.gov.br/Pib_Municipios/2022_2023/base/base_de_dados_2010_2023_txt.zip,2010,Mil Reais,Município,"Valor publicado, lido por posição fixa; preços correntes.","PIB per capita não é renda domiciliar. Em 2022–2023, somente PIB/PIB per capita; denominadores populacionais censitários e revisões descritos no PDF do pacote.",ibge_pib_2010_2023,False,,,
vab_industria_mil_reais,vab industria mil reais,IBGE — PIB dos Municípios,https://ftp.ibge.gov.br/Pib_Municipios/2022_2023/base/base_de_dados_2010_2023_txt.zip,2011,Mil Reais,Município,"Valor publicado, lido por posição fixa; preços correntes.","PIB per capita não é renda domiciliar. Em 2022–2023, somente PIB/PIB per capita; denominadores populacionais censitários e revisões descritos no PDF do pacote.",ibge_pib_2010_2023,False,,,
vab_industria_mil_reais,vab industria mil reais,IBGE — PIB dos Municípios,https://ftp.ibge.gov.br/Pib_Municipios/2022_2023/base/base_de_dados_2010_2023_txt.zip,2012,Mil Reais,Município,"Valor publicado, lido por posição fixa; preços correntes.","PIB per capita não é renda domiciliar. Em 2022–2023, somente PIB/PIB per capita; denominadores populacionais censitários e revisões descritos no PDF do pacote.",ibge_pib_2010_2023,False,,,
vab_industria_mil_reais,vab industria mil reais,IBGE — PIB dos Municípios,https://ftp.ibge.gov.br/Pib_Municipios/2022_2023/base/base_de_dados_2010_2023_txt.zip,2013,Mil Reais,Município,"Valor publicado, lido por posição fixa; preços correntes.","PIB per capita não é renda domiciliar. Em 2022–2023, somente PIB/PIB per capita; denominadores populacionais censitários e revisões descritos no PDF do pacote.",ibge_pib_2010_2023,False,,,
vab_industria_mil_reais,vab industria mil reais,IBGE — PIB dos Municípios,https://ftp.ibge.gov.br/Pib_Municipios/2022_2023/base/base_de_dados_2010_2023_txt.zip,2014,Mil Reais,Município,"Valor publicado, lido por posição fixa; preços correntes.","PIB per capita não é renda domiciliar. Em 2022–2023, somente PIB/PIB per capita; denominadores populacionais censitários e revisões descritos no PDF do pacote.",ibge_pib_2010_2023,False,,,
vab_industria_mil_reais,vab industria mil reais,IBGE — PIB dos Municípios,https://ftp.ibge.gov.br/Pib_Municipios/2022_2023/base/base_de_dados_2010_2023_txt.zip,2015,Mil Reais,Município,"Valor publicado, lido por posição fixa; preços correntes.","PIB per capita não é renda domiciliar. Em 2022–2023, somente PIB/PIB per capita; denominadores populacionais censitários e revisões descritos no PDF do pacote.",ibge_pib_2010_2023,False,,,
vab_industria_mil_reais,vab industria mil reais,IBGE — PIB dos Municípios,https://ftp.ibge.gov.br/Pib_Municipios/2022_2023/base/base_de_dados_2010_2023_txt.zip,2016,Mil Reais,Município,"Valor publicado, lido por posição fixa; preços correntes.","PIB per capita não é renda domiciliar. Em 2022–2023, somente PIB/PIB per capita; denominadores populacionais censitários e revisões descritos no PDF do pacote.",ibge_pib_2010_2023,False,,,
vab_industria_mil_reais,vab industria mil reais,IBGE — PIB dos Municípios,https://ftp.ibge.gov.br/Pib_Municipios/2022_2023/base/base_de_dados_2010_2023_txt.zip,2017,Mil Reais,Município,"Valor publicado, lido por posição fixa; preços correntes.","PIB per capita não é renda domiciliar. Em 2022–2023, somente PIB/PIB per capita; denominadores populacionais censitários e revisões descritos no PDF do pacote.",ibge_pib_2010_2023,False,,,
vab_industria_mil_reais,vab industria mil reais,IBGE — PIB dos Municípios,https://ftp.ibge.gov.br/Pib_Municipios/2022_2023/base/base_de_dados_2010_2023_txt.zip,2018,Mil Reais,Município,"Valor publicado, lido por posição fixa; preços correntes.","PIB per capita não é renda domiciliar. Em 2022–2023, somente PIB/PIB per capita; denominadores populacionais censitários e revisões descritos no PDF do pacote.",ibge_pib_2010_2023,False,,,
vab_industria_mil_reais,vab industria mil reais,IBGE — PIB dos Municípios,https://ftp.ibge.gov.br/Pib_Municipios/2022_2023/base/base_de_dados_2010_2023_txt.zip,2019,Mil Reais,Município,"Valor publicado, lido por posição fixa; preços correntes.","PIB per capita não é renda domiciliar. Em 2022–2023, somente PIB/PIB per capita; denominadores populacionais censitários e revisões descritos no PDF do pacote.",ibge_pib_2010_2023,False,,,
vab_industria_mil_reais,vab industria mil reais,IBGE — PIB dos Municípios,https://ftp.ibge.gov.br/Pib_Municipios/2022_2023/base/base_de_dados_2010_2023_txt.zip,2020,Mil Reais,Município,"Valor publicado, lido por posição fixa; preços correntes.","PIB per capita não é renda domiciliar. Em 2022–2023, somente PIB/PIB per capita; denominadores populacionais censitários e revisões descritos no PDF do pacote.",ibge_pib_2010_2023,False,,,
vab_industria_mil_reais,vab industria mil reais,IBGE — PIB dos Municípios,https://ftp.ibge.gov.br/Pib_Municipios/2022_2023/base/base_de_dados_2010_2023_txt.zip,2021,Mil Reais,Município,"Valor publicado, lido por posição fixa; preços correntes.","PIB per capita não é renda domiciliar. Em 2022–2023, somente PIB/PIB per capita; denominadores populacionais censitários e revisões descritos no PDF do pacote.",ibge_pib_2010_2023,False,,,
vab_industria_mil_reais,vab industria mil reais,IBGE — PIB dos Municípios,https://ftp.ibge.gov.br/Pib_Municipios/2022_2023/base/base_de_dados_2010_2023_txt.zip,2022,Mil Reais,Município,"Valor publicado, lido por posição fixa; preços correntes.","PIB per capita não é renda domiciliar. Em 2022–2023, somente PIB/PIB per capita; denominadores populacionais censitários e revisões descritos no PDF do pacote.",ibge_pib_2010_2023,False,,,
vab_industria_mil_reais,vab industria mil reais,IBGE — PIB dos Municípios,https://ftp.ibge.gov.br/Pib_Municipios/2022_2023/base/base_de_dados_2010_2023_txt.zip,2023,Mil Reais,Município,"Valor publicado, lido por posição fixa; preços correntes.","PIB per capita não é renda domiciliar. Em 2022–2023, somente PIB/PIB per capita; denominadores populacionais censitários e revisões descritos no PDF do pacote.",ibge_pib_2010_2023,False,,,
vab_servicos_mil_reais,vab servicos mil reais,IBGE — PIB dos Municípios,https://ftp.ibge.gov.br/Pib_Municipios/2022_2023/base/base_de_dados_2010_2023_txt.zip,2010,Mil Reais,Município,"Valor publicado, lido por posição fixa; preços correntes.","PIB per capita não é renda domiciliar. Em 2022–2023, somente PIB/PIB per capita; denominadores populacionais censitários e revisões descritos no PDF do pacote.",ibge_pib_2010_2023,False,,,
vab_servicos_mil_reais,vab servicos mil reais,IBGE — PIB dos Municípios,https://ftp.ibge.gov.br/Pib_Municipios/2022_2023/base/base_de_dados_2010_2023_txt.zip,2011,Mil Reais,Município,"Valor publicado, lido por posição fixa; preços correntes.","PIB per capita não é renda domiciliar. Em 2022–2023, somente PIB/PIB per capita; denominadores populacionais censitários e revisões descritos no PDF do pacote.",ibge_pib_2010_2023,False,,,
vab_servicos_mil_reais,vab servicos mil reais,IBGE — PIB dos Municípios,https://ftp.ibge.gov.br/Pib_Municipios/2022_2023/base/base_de_dados_2010_2023_txt.zip,2012,Mil Reais,Município,"Valor publicado, lido por posição fixa; preços correntes.","PIB per capita não é renda domiciliar. Em 2022–2023, somente PIB/PIB per capita; denominadores populacionais censitários e revisões descritos no PDF do pacote.",ibge_pib_2010_2023,False,,,
vab_servicos_mil_reais,vab servicos mil reais,IBGE — PIB dos Municípios,https://ftp.ibge.gov.br/Pib_Municipios/2022_2023/base/base_de_dados_2010_2023_txt.zip,2013,Mil Reais,Município,"Valor publicado, lido por posição fixa; preços correntes.","PIB per capita não é renda domiciliar. Em 2022–2023, somente PIB/PIB per capita; denominadores populacionais censitários e revisões descritos no PDF do pacote.",ibge_pib_2010_2023,False,,,
vab_servicos_mil_reais,vab servicos mil reais,IBGE — PIB dos Municípios,https://ftp.ibge.gov.br/Pib_Municipios/2022_2023/base/base_de_dados_2010_2023_txt.zip,2014,Mil Reais,Município,"Valor publicado, lido por posição fixa; preços correntes.","PIB per capita não é renda domiciliar. Em 2022–2023, somente PIB/PIB per capita; denominadores populacionais censitários e revisões descritos no PDF do pacote.",ibge_pib_2010_2023,False,,,
vab_servicos_mil_reais,vab servicos mil reais,IBGE — PIB dos Municípios,https://ftp.ibge.gov.br/Pib_Municipios/2022_2023/base/base_de_dados_2010_2023_txt.zip,2015,Mil Reais,Município,"Valor publicado, lido por posição fixa; preços correntes.","PIB per capita não é renda domiciliar. Em 2022–2023, somente PIB/PIB per capita; denominadores populacionais censitários e revisões descritos no PDF do pacote.",ibge_pib_2010_2023,False,,,
vab_servicos_mil_reais,vab servicos mil reais,IBGE — PIB dos Municípios,https://ftp.ibge.gov.br/Pib_Municipios/2022_2023/base/base_de_dados_2010_2023_txt.zip,2016,Mil Reais,Município,"Valor publicado, lido por posição fixa; preços correntes.","PIB per capita não é renda domiciliar. Em 2022–2023, somente PIB/PIB per capita; denominadores populacionais censitários e revisões descritos no PDF do pacote.",ibge_pib_2010_2023,False,,,
vab_servicos_mil_reais,vab servicos mil reais,IBGE — PIB dos Municípios,https://ftp.ibge.gov.br/Pib_Municipios/2022_2023/base/base_de_dados_2010_2023_txt.zip,2017,Mil Reais,Município,"Valor publicado, lido por posição fixa; preços correntes.","PIB per capita não é renda domiciliar. Em 2022–2023, somente PIB/PIB per capita; denominadores populacionais censitários e revisões descritos no PDF do pacote.",ibge_pib_2010_2023,False,,,
vab_servicos_mil_reais,vab servicos mil reais,IBGE — PIB dos Municípios,https://ftp.ibge.gov.br/Pib_Municipios/2022_2023/base/base_de_dados_2010_2023_txt.zip,2018,Mil Reais,Município,"Valor publicado, lido por posição fixa; preços correntes.","PIB per capita não é renda domiciliar. Em 2022–2023, somente PIB/PIB per capita; denominadores populacionais censitários e revisões descritos no PDF do pacote.",ibge_pib_2010_2023,False,,,
vab_servicos_mil_reais,vab servicos mil reais,IBGE — PIB dos Municípios,https://ftp.ibge.gov.br/Pib_Municipios/2022_2023/base/base_de_dados_2010_2023_txt.zip,2019,Mil Reais,Município,"Valor publicado, lido por posição fixa; preços correntes.","PIB per capita não é renda domiciliar. Em 2022–2023, somente PIB/PIB per capita; denominadores populacionais censitários e revisões descritos no PDF do pacote.",ibge_pib_2010_2023,False,,,
vab_servicos_mil_reais,vab servicos mil reais,IBGE — PIB dos Municípios,https://ftp.ibge.gov.br/Pib_Municipios/2022_2023/base/base_de_dados_2010_2023_txt.zip,2020,Mil Reais,Município,"Valor publicado, lido por posição fixa; preços correntes.","PIB per capita não é renda domiciliar. Em 2022–2023, somente PIB/PIB per capita; denominadores populacionais censitários e revisões descritos no PDF do pacote.",ibge_pib_2010_2023,False,,,
vab_servicos_mil_reais,vab servicos mil reais,IBGE — PIB dos Municípios,https://ftp.ibge.gov.br/Pib_Municipios/2022_2023/base/base_de_dados_2010_2023_txt.zip,2021,Mil Reais,Município,"Valor publicado, lido por posição fixa; preços correntes.","PIB per capita não é renda domiciliar. Em 2022–2023, somente PIB/PIB per capita; denominadores populacionais censitários e revisões descritos no PDF do pacote.",ibge_pib_2010_2023,False,,,
vab_servicos_mil_reais,vab servicos mil reais,IBGE — PIB dos Municípios,https://ftp.ibge.gov.br/Pib_Municipios/2022_2023/base/base_de_dados_2010_2023_txt.zip,2022,Mil Reais,Município,"Valor publicado, lido por posição fixa; preços correntes.","PIB per capita não é renda domiciliar. Em 2022–2023, somente PIB/PIB per capita; denominadores populacionais censitários e revisões descritos no PDF do pacote.",ibge_pib_2010_2023,False,,,
vab_servicos_mil_reais,vab servicos mil reais,IBGE — PIB dos Municípios,https://ftp.ibge.gov.br/Pib_Municipios/2022_2023/base/base_de_dados_2010_2023_txt.zip,2023,Mil Reais,Município,"Valor publicado, lido por posição fixa; preços correntes.","PIB per capita não é renda domiciliar. Em 2022–2023, somente PIB/PIB per capita; denominadores populacionais censitários e revisões descritos no PDF do pacote.",ibge_pib_2010_2023,False,,,
vab_administracao_publica_mil_reais,vab administracao publica mil reais,IBGE — PIB dos Municípios,https://ftp.ibge.gov.br/Pib_Municipios/2022_2023/base/base_de_dados_2010_2023_txt.zip,2010,Mil Reais,Município,"Valor publicado, lido por posição fixa; preços correntes.","PIB per capita não é renda domiciliar. Em 2022–2023, somente PIB/PIB per capita; denominadores populacionais censitários e revisões descritos no PDF do pacote.",ibge_pib_2010_2023,False,,,
vab_administracao_publica_mil_reais,vab administracao publica mil reais,IBGE — PIB dos Municípios,https://ftp.ibge.gov.br/Pib_Municipios/2022_2023/base/base_de_dados_2010_2023_txt.zip,2011,Mil Reais,Município,"Valor publicado, lido por posição fixa; preços correntes.","PIB per capita não é renda domiciliar. Em 2022–2023, somente PIB/PIB per capita; denominadores populacionais censitários e revisões descritos no PDF do pacote.",ibge_pib_2010_2023,False,,,
vab_administracao_publica_mil_reais,vab administracao publica mil reais,IBGE — PIB dos Municípios,https://ftp.ibge.gov.br/Pib_Municipios/2022_2023/base/base_de_dados_2010_2023_txt.zip,2012,Mil Reais,Município,"Valor publicado, lido por posição fixa; preços correntes.","PIB per capita não é renda domiciliar. Em 2022–2023, somente PIB/PIB per capita; denominadores populacionais censitários e revisões descritos no PDF do pacote.",ibge_pib_2010_2023,False,,,
vab_administracao_publica_mil_reais,vab administracao publica mil reais,IBGE — PIB dos Municípios,https://ftp.ibge.gov.br/Pib_Municipios/2022_2023/base/base_de_dados_2010_2023_txt.zip,2013,Mil Reais,Município,"Valor publicado, lido por posição fixa; preços correntes.","PIB per capita não é renda domiciliar. Em 2022–2023, somente PIB/PIB per capita; denominadores populacionais censitários e revisões descritos no PDF do pacote.",ibge_pib_2010_2023,False,,,
vab_administracao_publica_mil_reais,vab administracao publica mil reais,IBGE — PIB dos Municípios,https://ftp.ibge.gov.br/Pib_Municipios/2022_2023/base/base_de_dados_2010_2023_txt.zip,2014,Mil Reais,Município,"Valor publicado, lido por posição fixa; preços correntes.","PIB per capita não é renda domiciliar. Em 2022–2023, somente PIB/PIB per capita; denominadores populacionais censitários e revisões descritos no PDF do pacote.",ibge_pib_2010_2023,False,,,
vab_administracao_publica_mil_reais,vab administracao publica mil reais,IBGE — PIB dos Municípios,https://ftp.ibge.gov.br/Pib_Municipios/2022_2023/base/base_de_dados_2010_2023_txt.zip,2015,Mil Reais,Município,"Valor publicado, lido por posição fixa; preços correntes.","PIB per capita não é renda domiciliar. Em 2022–2023, somente PIB/PIB per capita; denominadores populacionais censitários e revisões descritos no PDF do pacote.",ibge_pib_2010_2023,False,,,
vab_administracao_publica_mil_reais,vab administracao publica mil reais,IBGE — PIB dos Municípios,https://ftp.ibge.gov.br/Pib_Municipios/2022_2023/base/base_de_dados_2010_2023_txt.zip,2016,Mil Reais,Município,"Valor publicado, lido por posição fixa; preços correntes.","PIB per capita não é renda domiciliar. Em 2022–2023, somente PIB/PIB per capita; denominadores populacionais censitários e revisões descritos no PDF do pacote.",ibge_pib_2010_2023,False,,,
vab_administracao_publica_mil_reais,vab administracao publica mil reais,IBGE — PIB dos Municípios,https://ftp.ibge.gov.br/Pib_Municipios/2022_2023/base/base_de_dados_2010_2023_txt.zip,2017,Mil Reais,Município,"Valor publicado, lido por posição fixa; preços correntes.","PIB per capita não é renda domiciliar. Em 2022–2023, somente PIB/PIB per capita; denominadores populacionais censitários e revisões descritos no PDF do pacote.",ibge_pib_2010_2023,False,,,
vab_administracao_publica_mil_reais,vab administracao publica mil reais,IBGE — PIB dos Municípios,https://ftp.ibge.gov.br/Pib_Municipios/2022_2023/base/base_de_dados_2010_2023_txt.zip,2018,Mil Reais,Município,"Valor publicado, lido por posição fixa; preços correntes.","PIB per capita não é renda domiciliar. Em 2022–2023, somente PIB/PIB per capita; denominadores populacionais censitários e revisões descritos no PDF do pacote.",ibge_pib_2010_2023,False,,,
vab_administracao_publica_mil_reais,vab administracao publica mil reais,IBGE — PIB dos Municípios,https://ftp.ibge.gov.br/Pib_Municipios/2022_2023/base/base_de_dados_2010_2023_txt.zip,2019,Mil Reais,Município,"Valor publicado, lido por posição fixa; preços correntes.","PIB per capita não é renda domiciliar. Em 2022–2023, somente PIB/PIB per capita; denominadores populacionais censitários e revisões descritos no PDF do pacote.",ibge_pib_2010_2023,False,,,
vab_administracao_publica_mil_reais,vab administracao publica mil reais,IBGE — PIB dos Municípios,https://ftp.ibge.gov.br/Pib_Municipios/2022_2023/base/base_de_dados_2010_2023_txt.zip,2020,Mil Reais,Município,"Valor publicado, lido por posição fixa; preços correntes.","PIB per capita não é renda domiciliar. Em 2022–2023, somente PIB/PIB per capita; denominadores populacionais censitários e revisões descritos no PDF do pacote.",ibge_pib_2010_2023,False,,,
vab_administracao_publica_mil_reais,vab administracao publica mil reais,IBGE — PIB dos Municípios,https://ftp.ibge.gov.br/Pib_Municipios/2022_2023/base/base_de_dados_2010_2023_txt.zip,2021,Mil Reais,Município,"Valor publicado, lido por posição fixa; preços correntes.","PIB per capita não é renda domiciliar. Em 2022–2023, somente PIB/PIB per capita; denominadores populacionais censitários e revisões descritos no PDF do pacote.",ibge_pib_2010_2023,False,,,
vab_administracao_publica_mil_reais,vab administracao publica mil reais,IBGE — PIB dos Municípios,https://ftp.ibge.gov.br/Pib_Municipios/2022_2023/base/base_de_dados_2010_2023_txt.zip,2022,Mil Reais,Município,"Valor publicado, lido por posição fixa; preços correntes.","PIB per capita não é renda domiciliar. Em 2022–2023, somente PIB/PIB per capita; denominadores populacionais censitários e revisões descritos no PDF do pacote.",ibge_pib_2010_2023,False,,,
vab_administracao_publica_mil_reais,vab administracao publica mil reais,IBGE — PIB dos Municípios,https://ftp.ibge.gov.br/Pib_Municipios/2022_2023/base/base_de_dados_2010_2023_txt.zip,2023,Mil Reais,Município,"Valor publicado, lido por posição fixa; preços correntes.","PIB per capita não é renda domiciliar. Em 2022–2023, somente PIB/PIB per capita; denominadores populacionais censitários e revisões descritos no PDF do pacote.",ibge_pib_2010_2023,False,,,
vab_total_mil_reais,vab total mil reais,IBGE — PIB dos Municípios,https://ftp.ibge.gov.br/Pib_Municipios/2022_2023/base/base_de_dados_2010_2023_txt.zip,2010,Mil Reais,Município,"Valor publicado, lido por posição fixa; preços correntes.","PIB per capita não é renda domiciliar. Em 2022–2023, somente PIB/PIB per capita; denominadores populacionais censitários e revisões descritos no PDF do pacote.",ibge_pib_2010_2023,False,,,
vab_total_mil_reais,vab total mil reais,IBGE — PIB dos Municípios,https://ftp.ibge.gov.br/Pib_Municipios/2022_2023/base/base_de_dados_2010_2023_txt.zip,2011,Mil Reais,Município,"Valor publicado, lido por posição fixa; preços correntes.","PIB per capita não é renda domiciliar. Em 2022–2023, somente PIB/PIB per capita; denominadores populacionais censitários e revisões descritos no PDF do pacote.",ibge_pib_2010_2023,False,,,
vab_total_mil_reais,vab total mil reais,IBGE — PIB dos Municípios,https://ftp.ibge.gov.br/Pib_Municipios/2022_2023/base/base_de_dados_2010_2023_txt.zip,2012,Mil Reais,Município,"Valor publicado, lido por posição fixa; preços correntes.","PIB per capita não é renda domiciliar. Em 2022–2023, somente PIB/PIB per capita; denominadores populacionais censitários e revisões descritos no PDF do pacote.",ibge_pib_2010_2023,False,,,
vab_total_mil_reais,vab total mil reais,IBGE — PIB dos Municípios,https://ftp.ibge.gov.br/Pib_Municipios/2022_2023/base/base_de_dados_2010_2023_txt.zip,2013,Mil Reais,Município,"Valor publicado, lido por posição fixa; preços correntes.","PIB per capita não é renda domiciliar. Em 2022–2023, somente PIB/PIB per capita; denominadores populacionais censitários e revisões descritos no PDF do pacote.",ibge_pib_2010_2023,False,,,
vab_total_mil_reais,vab total mil reais,IBGE — PIB dos Municípios,https://ftp.ibge.gov.br/Pib_Municipios/2022_2023/base/base_de_dados_2010_2023_txt.zip,2014,Mil Reais,Município,"Valor publicado, lido por posição fixa; preços correntes.","PIB per capita não é renda domiciliar. Em 2022–2023, somente PIB/PIB per capita; denominadores populacionais censitários e revisões descritos no PDF do pacote.",ibge_pib_2010_2023,False,,,
vab_total_mil_reais,vab total mil reais,IBGE — PIB dos Municípios,https://ftp.ibge.gov.br/Pib_Municipios/2022_2023/base/base_de_dados_2010_2023_txt.zip,2015,Mil Reais,Município,"Valor publicado, lido por posição fixa; preços correntes.","PIB per capita não é renda domiciliar. Em 2022–2023, somente PIB/PIB per capita; denominadores populacionais censitários e revisões descritos no PDF do pacote.",ibge_pib_2010_2023,False,,,
vab_total_mil_reais,vab total mil reais,IBGE — PIB dos Municípios,https://ftp.ibge.gov.br/Pib_Municipios/2022_2023/base/base_de_dados_2010_2023_txt.zip,2016,Mil Reais,Município,"Valor publicado, lido por posição fixa; preços correntes.","PIB per capita não é renda domiciliar. Em 2022–2023, somente PIB/PIB per capita; denominadores populacionais censitários e revisões descritos no PDF do pacote.",ibge_pib_2010_2023,False,,,
vab_total_mil_reais,vab total mil reais,IBGE — PIB dos Municípios,https://ftp.ibge.gov.br/Pib_Municipios/2022_2023/base/base_de_dados_2010_2023_txt.zip,2017,Mil Reais,Município,"Valor publicado, lido por posição fixa; preços correntes.","PIB per capita não é renda domiciliar. Em 2022–2023, somente PIB/PIB per capita; denominadores populacionais censitários e revisões descritos no PDF do pacote.",ibge_pib_2010_2023,False,,,
vab_total_mil_reais,vab total mil reais,IBGE — PIB dos Municípios,https://ftp.ibge.gov.br/Pib_Municipios/2022_2023/base/base_de_dados_2010_2023_txt.zip,2018,Mil Reais,Município,"Valor publicado, lido por posição fixa; preços correntes.","PIB per capita não é renda domiciliar. Em 2022–2023, somente PIB/PIB per capita; denominadores populacionais censitários e revisões descritos no PDF do pacote.",ibge_pib_2010_2023,False,,,
vab_total_mil_reais,vab total mil reais,IBGE — PIB dos Municípios,https://ftp.ibge.gov.br/Pib_Municipios/2022_2023/base/base_de_dados_2010_2023_txt.zip,2019,Mil Reais,Município,"Valor publicado, lido por posição fixa; preços correntes.","PIB per capita não é renda domiciliar. Em 2022–2023, somente PIB/PIB per capita; denominadores populacionais censitários e revisões descritos no PDF do pacote.",ibge_pib_2010_2023,False,,,
vab_total_mil_reais,vab total mil reais,IBGE — PIB dos Municípios,https://ftp.ibge.gov.br/Pib_Municipios/2022_2023/base/base_de_dados_2010_2023_txt.zip,2020,Mil Reais,Município,"Valor publicado, lido por posição fixa; preços correntes.","PIB per capita não é renda domiciliar. Em 2022–2023, somente PIB/PIB per capita; denominadores populacionais censitários e revisões descritos no PDF do pacote.",ibge_pib_2010_2023,False,,,
vab_total_mil_reais,vab total mil reais,IBGE — PIB dos Municípios,https://ftp.ibge.gov.br/Pib_Municipios/2022_2023/base/base_de_dados_2010_2023_txt.zip,2021,Mil Reais,Município,"Valor publicado, lido por posição fixa; preços correntes.","PIB per capita não é renda domiciliar. Em 2022–2023, somente PIB/PIB per capita; denominadores populacionais censitários e revisões descritos no PDF do pacote.",ibge_pib_2010_2023,False,,,
vab_total_mil_reais,vab total mil reais,IBGE — PIB dos Municípios,https://ftp.ibge.gov.br/Pib_Municipios/2022_2023/base/base_de_dados_2010_2023_txt.zip,2022,Mil Reais,Município,"Valor publicado, lido por posição fixa; preços correntes.","PIB per capita não é renda domiciliar. Em 2022–2023, somente PIB/PIB per capita; denominadores populacionais censitários e revisões descritos no PDF do pacote.",ibge_pib_2010_2023,False,,,
vab_total_mil_reais,vab total mil reais,IBGE — PIB dos Municípios,https://ftp.ibge.gov.br/Pib_Municipios/2022_2023/base/base_de_dados_2010_2023_txt.zip,2023,Mil Reais,Município,"Valor publicado, lido por posição fixa; preços correntes.","PIB per capita não é renda domiciliar. Em 2022–2023, somente PIB/PIB per capita; denominadores populacionais censitários e revisões descritos no PDF do pacote.",ibge_pib_2010_2023,False,,,
impostos_liquidos_mil_reais,impostos liquidos mil reais,IBGE — PIB dos Municípios,https://ftp.ibge.gov.br/Pib_Municipios/2022_2023/base/base_de_dados_2010_2023_txt.zip,2010,Mil Reais,Município,"Valor publicado, lido por posição fixa; preços correntes.","PIB per capita não é renda domiciliar. Em 2022–2023, somente PIB/PIB per capita; denominadores populacionais censitários e revisões descritos no PDF do pacote.",ibge_pib_2010_2023,False,,,
impostos_liquidos_mil_reais,impostos liquidos mil reais,IBGE — PIB dos Municípios,https://ftp.ibge.gov.br/Pib_Municipios/2022_2023/base/base_de_dados_2010_2023_txt.zip,2011,Mil Reais,Município,"Valor publicado, lido por posição fixa; preços correntes.","PIB per capita não é renda domiciliar. Em 2022–2023, somente PIB/PIB per capita; denominadores populacionais censitários e revisões descritos no PDF do pacote.",ibge_pib_2010_2023,False,,,
impostos_liquidos_mil_reais,impostos liquidos mil reais,IBGE — PIB dos Municípios,https://ftp.ibge.gov.br/Pib_Municipios/2022_2023/base/base_de_dados_2010_2023_txt.zip,2012,Mil Reais,Município,"Valor publicado, lido por posição fixa; preços correntes.","PIB per capita não é renda domiciliar. Em 2022–2023, somente PIB/PIB per capita; denominadores populacionais censitários e revisões descritos no PDF do pacote.",ibge_pib_2010_2023,False,,,
impostos_liquidos_mil_reais,impostos liquidos mil reais,IBGE — PIB dos Municípios,https://ftp.ibge.gov.br/Pib_Municipios/2022_2023/base/base_de_dados_2010_2023_txt.zip,2013,Mil Reais,Município,"Valor publicado, lido por posição fixa; preços correntes.","PIB per capita não é renda domiciliar. Em 2022–2023, somente PIB/PIB per capita; denominadores populacionais censitários e revisões descritos no PDF do pacote.",ibge_pib_2010_2023,False,,,
impostos_liquidos_mil_reais,impostos liquidos mil reais,IBGE — PIB dos Municípios,https://ftp.ibge.gov.br/Pib_Municipios/2022_2023/base/base_de_dados_2010_2023_txt.zip,2014,Mil Reais,Município,"Valor publicado, lido por posição fixa; preços correntes.","PIB per capita não é renda domiciliar. Em 2022–2023, somente PIB/PIB per capita; denominadores populacionais censitários e revisões descritos no PDF do pacote.",ibge_pib_2010_2023,False,,,
impostos_liquidos_mil_reais,impostos liquidos mil reais,IBGE — PIB dos Municípios,https://ftp.ibge.gov.br/Pib_Municipios/2022_2023/base/base_de_dados_2010_2023_txt.zip,2015,Mil Reais,Município,"Valor publicado, lido por posição fixa; preços correntes.","PIB per capita não é renda domiciliar. Em 2022–2023, somente PIB/PIB per capita; denominadores populacionais censitários e revisões descritos no PDF do pacote.",ibge_pib_2010_2023,False,,,
impostos_liquidos_mil_reais,impostos liquidos mil reais,IBGE — PIB dos Municípios,https://ftp.ibge.gov.br/Pib_Municipios/2022_2023/base/base_de_dados_2010_2023_txt.zip,2016,Mil Reais,Município,"Valor publicado, lido por posição fixa; preços correntes.","PIB per capita não é renda domiciliar. Em 2022–2023, somente PIB/PIB per capita; denominadores populacionais censitários e revisões descritos no PDF do pacote.",ibge_pib_2010_2023,False,,,
impostos_liquidos_mil_reais,impostos liquidos mil reais,IBGE — PIB dos Municípios,https://ftp.ibge.gov.br/Pib_Municipios/2022_2023/base/base_de_dados_2010_2023_txt.zip,2017,Mil Reais,Município,"Valor publicado, lido por posição fixa; preços correntes.","PIB per capita não é renda domiciliar. Em 2022–2023, somente PIB/PIB per capita; denominadores populacionais censitários e revisões descritos no PDF do pacote.",ibge_pib_2010_2023,False,,,
impostos_liquidos_mil_reais,impostos liquidos mil reais,IBGE — PIB dos Municípios,https://ftp.ibge.gov.br/Pib_Municipios/2022_2023/base/base_de_dados_2010_2023_txt.zip,2018,Mil Reais,Município,"Valor publicado, lido por posição fixa; preços correntes.","PIB per capita não é renda domiciliar. Em 2022–2023, somente PIB/PIB per capita; denominadores populacionais censitários e revisões descritos no PDF do pacote.",ibge_pib_2010_2023,False,,,
impostos_liquidos_mil_reais,impostos liquidos mil reais,IBGE — PIB dos Municípios,https://ftp.ibge.gov.br/Pib_Municipios/2022_2023/base/base_de_dados_2010_2023_txt.zip,2019,Mil Reais,Município,"Valor publicado, lido por posição fixa; preços correntes.","PIB per capita não é renda domiciliar. Em 2022–2023, somente PIB/PIB per capita; denominadores populacionais censitários e revisões descritos no PDF do pacote.",ibge_pib_2010_2023,False,,,
impostos_liquidos_mil_reais,impostos liquidos mil reais,IBGE — PIB dos Municípios,https://ftp.ibge.gov.br/Pib_Municipios/2022_2023/base/base_de_dados_2010_2023_txt.zip,2020,Mil Reais,Município,"Valor publicado, lido por posição fixa; preços correntes.","PIB per capita não é renda domiciliar. Em 2022–2023, somente PIB/PIB per capita; denominadores populacionais censitários e revisões descritos no PDF do pacote.",ibge_pib_2010_2023,False,,,
impostos_liquidos_mil_reais,impostos liquidos mil reais,IBGE — PIB dos Municípios,https://ftp.ibge.gov.br/Pib_Municipios/2022_2023/base/base_de_dados_2010_2023_txt.zip,2021,Mil Reais,Município,"Valor publicado, lido por posição fixa; preços correntes.","PIB per capita não é renda domiciliar. Em 2022–2023, somente PIB/PIB per capita; denominadores populacionais censitários e revisões descritos no PDF do pacote.",ibge_pib_2010_2023,False,,,
impostos_liquidos_mil_reais,impostos liquidos mil reais,IBGE — PIB dos Municípios,https://ftp.ibge.gov.br/Pib_Municipios/2022_2023/base/base_de_dados_2010_2023_txt.zip,2022,Mil Reais,Município,"Valor publicado, lido por posição fixa; preços correntes.","PIB per capita não é renda domiciliar. Em 2022–2023, somente PIB/PIB per capita; denominadores populacionais censitários e revisões descritos no PDF do pacote.",ibge_pib_2010_2023,False,,,
impostos_liquidos_mil_reais,impostos liquidos mil reais,IBGE — PIB dos Municípios,https://ftp.ibge.gov.br/Pib_Municipios/2022_2023/base/base_de_dados_2010_2023_txt.zip,2023,Mil Reais,Município,"Valor publicado, lido por posição fixa; preços correntes.","PIB per capita não é renda domiciliar. Em 2022–2023, somente PIB/PIB per capita; denominadores populacionais censitários e revisões descritos no PDF do pacote.",ibge_pib_2010_2023,False,,,
pib_mil_reais,pib mil reais,IBGE — PIB dos Municípios,https://ftp.ibge.gov.br/Pib_Municipios/2022_2023/base/base_de_dados_2010_2023_txt.zip,2010,Mil Reais,Município,"Valor publicado, lido por posição fixa; preços correntes.","PIB per capita não é renda domiciliar. Em 2022–2023, somente PIB/PIB per capita; denominadores populacionais censitários e revisões descritos no PDF do pacote.",ibge_pib_2010_2023,False,,,
pib_mil_reais,pib mil reais,IBGE — PIB dos Municípios,https://ftp.ibge.gov.br/Pib_Municipios/2022_2023/base/base_de_dados_2010_2023_txt.zip,2011,Mil Reais,Município,"Valor publicado, lido por posição fixa; preços correntes.","PIB per capita não é renda domiciliar. Em 2022–2023, somente PIB/PIB per capita; denominadores populacionais censitários e revisões descritos no PDF do pacote.",ibge_pib_2010_2023,False,,,
pib_mil_reais,pib mil reais,IBGE — PIB dos Municípios,https://ftp.ibge.gov.br/Pib_Municipios/2022_2023/base/base_de_dados_2010_2023_txt.zip,2012,Mil Reais,Município,"Valor publicado, lido por posição fixa; preços correntes.","PIB per capita não é renda domiciliar. Em 2022–2023, somente PIB/PIB per capita; denominadores populacionais censitários e revisões descritos no PDF do pacote.",ibge_pib_2010_2023,False,,,
pib_mil_reais,pib mil reais,IBGE — PIB dos Municípios,https://ftp.ibge.gov.br/Pib_Municipios/2022_2023/base/base_de_dados_2010_2023_txt.zip,2013,Mil Reais,Município,"Valor publicado, lido por posição fixa; preços correntes.","PIB per capita não é renda domiciliar. Em 2022–2023, somente PIB/PIB per capita; denominadores populacionais censitários e revisões descritos no PDF do pacote.",ibge_pib_2010_2023,False,,,
pib_mil_reais,pib mil reais,IBGE — PIB dos Municípios,https://ftp.ibge.gov.br/Pib_Municipios/2022_2023/base/base_de_dados_2010_2023_txt.zip,2014,Mil Reais,Município,"Valor publicado, lido por posição fixa; preços correntes.","PIB per capita não é renda domiciliar. Em 2022–2023, somente PIB/PIB per capita; denominadores populacionais censitários e revisões descritos no PDF do pacote.",ibge_pib_2010_2023,False,,,
pib_mil_reais,pib mil reais,IBGE — PIB dos Municípios,https://ftp.ibge.gov.br/Pib_Municipios/2022_2023/base/base_de_dados_2010_2023_txt.zip,2015,Mil Reais,Município,"Valor publicado, lido por posição fixa; preços correntes.","PIB per capita não é renda domiciliar. Em 2022–2023, somente PIB/PIB per capita; denominadores populacionais censitários e revisões descritos no PDF do pacote.",ibge_pib_2010_2023,False,,,
pib_mil_reais,pib mil reais,IBGE — PIB dos Municípios,https://ftp.ibge.gov.br/Pib_Municipios/2022_2023/base/base_de_dados_2010_2023_txt.zip,2016,Mil Reais,Município,"Valor publicado, lido por posição fixa; preços correntes.","PIB per capita não é renda domiciliar. Em 2022–2023, somente PIB/PIB per capita; denominadores populacionais censitários e revisões descritos no PDF do pacote.",ibge_pib_2010_2023,False,,,
pib_mil_reais,pib mil reais,IBGE — PIB dos Municípios,https://ftp.ibge.gov.br/Pib_Municipios/2022_2023/base/base_de_dados_2010_2023_txt.zip,2017,Mil Reais,Município,"Valor publicado, lido por posição fixa; preços correntes.","PIB per capita não é renda domiciliar. Em 2022–2023, somente PIB/PIB per capita; denominadores populacionais censitários e revisões descritos no PDF do pacote.",ibge_pib_2010_2023,False,,,
pib_mil_reais,pib mil reais,IBGE — PIB dos Municípios,https://ftp.ibge.gov.br/Pib_Municipios/2022_2023/base/base_de_dados_2010_2023_txt.zip,2018,Mil Reais,Município,"Valor publicado, lido por posição fixa; preços correntes.","PIB per capita não é renda domiciliar. Em 2022–2023, somente PIB/PIB per capita; denominadores populacionais censitários e revisões descritos no PDF do pacote.",ibge_pib_2010_2023,False,,,
pib_mil_reais,pib mil reais,IBGE — PIB dos Municípios,https://ftp.ibge.gov.br/Pib_Municipios/2022_2023/base/base_de_dados_2010_2023_txt.zip,2019,Mil Reais,Município,"Valor publicado, lido por posição fixa; preços correntes.","PIB per capita não é renda domiciliar. Em 2022–2023, somente PIB/PIB per capita; denominadores populacionais censitários e revisões descritos no PDF do pacote.",ibge_pib_2010_2023,False,,,
pib_mil_reais,pib mil reais,IBGE — PIB dos Municípios,https://ftp.ibge.gov.br/Pib_Municipios/2022_2023/base/base_de_dados_2010_2023_txt.zip,2020,Mil Reais,Município,"Valor publicado, lido por posição fixa; preços correntes.","PIB per capita não é renda domiciliar. Em 2022–2023, somente PIB/PIB per capita; denominadores populacionais censitários e revisões descritos no PDF do pacote.",ibge_pib_2010_2023,False,,,
pib_mil_reais,pib mil reais,IBGE — PIB dos Municípios,https://ftp.ibge.gov.br/Pib_Municipios/2022_2023/base/base_de_dados_2010_2023_txt.zip,2021,Mil Reais,Município,"Valor publicado, lido por posição fixa; preços correntes.","PIB per capita não é renda domiciliar. Em 2022–2023, somente PIB/PIB per capita; denominadores populacionais censitários e revisões descritos no PDF do pacote.",ibge_pib_2010_2023,False,,,
pib_mil_reais,pib mil reais,IBGE — PIB dos Municípios,https://ftp.ibge.gov.br/Pib_Municipios/2022_2023/base/base_de_dados_2010_2023_txt.zip,2022,Mil Reais,Município,"Valor publicado, lido por posição fixa; preços correntes.","PIB per capita não é renda domiciliar. Em 2022–2023, somente PIB/PIB per capita; denominadores populacionais censitários e revisões descritos no PDF do pacote.",ibge_pib_2010_2023,False,,,
pib_mil_reais,pib mil reais,IBGE — PIB dos Municípios,https://ftp.ibge.gov.br/Pib_Municipios/2022_2023/base/base_de_dados_2010_2023_txt.zip,2023,Mil Reais,Município,"Valor publicado, lido por posição fixa; preços correntes.","PIB per capita não é renda domiciliar. Em 2022–2023, somente PIB/PIB per capita; denominadores populacionais censitários e revisões descritos no PDF do pacote.",ibge_pib_2010_2023,False,,,
pib_per_capita_reais,pib per capita reais,IBGE — PIB dos Municípios,https://ftp.ibge.gov.br/Pib_Municipios/2022_2023/base/base_de_dados_2010_2023_txt.zip,2010,Reais,Município,"Valor publicado, lido por posição fixa; preços correntes.","PIB per capita não é renda domiciliar. Em 2022–2023, somente PIB/PIB per capita; denominadores populacionais censitários e revisões descritos no PDF do pacote.",ibge_pib_2010_2023,False,,,
pib_per_capita_reais,pib per capita reais,IBGE — PIB dos Municípios,https://ftp.ibge.gov.br/Pib_Municipios/2022_2023/base/base_de_dados_2010_2023_txt.zip,2011,Reais,Município,"Valor publicado, lido por posição fixa; preços correntes.","PIB per capita não é renda domiciliar. Em 2022–2023, somente PIB/PIB per capita; denominadores populacionais censitários e revisões descritos no PDF do pacote.",ibge_pib_2010_2023,False,,,
pib_per_capita_reais,pib per capita reais,IBGE — PIB dos Municípios,https://ftp.ibge.gov.br/Pib_Municipios/2022_2023/base/base_de_dados_2010_2023_txt.zip,2012,Reais,Município,"Valor publicado, lido por posição fixa; preços correntes.","PIB per capita não é renda domiciliar. Em 2022–2023, somente PIB/PIB per capita; denominadores populacionais censitários e revisões descritos no PDF do pacote.",ibge_pib_2010_2023,False,,,
pib_per_capita_reais,pib per capita reais,IBGE — PIB dos Municípios,https://ftp.ibge.gov.br/Pib_Municipios/2022_2023/base/base_de_dados_2010_2023_txt.zip,2013,Reais,Município,"Valor publicado, lido por posição fixa; preços correntes.","PIB per capita não é renda domiciliar. Em 2022–2023, somente PIB/PIB per capita; denominadores populacionais censitários e revisões descritos no PDF do pacote.",ibge_pib_2010_2023,False,,,
pib_per_capita_reais,pib per capita reais,IBGE — PIB dos Municípios,https://ftp.ibge.gov.br/Pib_Municipios/2022_2023/base/base_de_dados_2010_2023_txt.zip,2014,Reais,Município,"Valor publicado, lido por posição fixa; preços correntes.","PIB per capita não é renda domiciliar. Em 2022–2023, somente PIB/PIB per capita; denominadores populacionais censitários e revisões descritos no PDF do pacote.",ibge_pib_2010_2023,False,,,
pib_per_capita_reais,pib per capita reais,IBGE — PIB dos Municípios,https://ftp.ibge.gov.br/Pib_Municipios/2022_2023/base/base_de_dados_2010_2023_txt.zip,2015,Reais,Município,"Valor publicado, lido por posição fixa; preços correntes.","PIB per capita não é renda domiciliar. Em 2022–2023, somente PIB/PIB per capita; denominadores populacionais censitários e revisões descritos no PDF do pacote.",ibge_pib_2010_2023,False,,,
pib_per_capita_reais,pib per capita reais,IBGE — PIB dos Municípios,https://ftp.ibge.gov.br/Pib_Municipios/2022_2023/base/base_de_dados_2010_2023_txt.zip,2016,Reais,Município,"Valor publicado, lido por posição fixa; preços correntes.","PIB per capita não é renda domiciliar. Em 2022–2023, somente PIB/PIB per capita; denominadores populacionais censitários e revisões descritos no PDF do pacote.",ibge_pib_2010_2023,False,,,
pib_per_capita_reais,pib per capita reais,IBGE — PIB dos Municípios,https://ftp.ibge.gov.br/Pib_Municipios/2022_2023/base/base_de_dados_2010_2023_txt.zip,2017,Reais,Município,"Valor publicado, lido por posição fixa; preços correntes.","PIB per capita não é renda domiciliar. Em 2022–2023, somente PIB/PIB per capita; denominadores populacionais censitários e revisões descritos no PDF do pacote.",ibge_pib_2010_2023,False,,,
pib_per_capita_reais,pib per capita reais,IBGE — PIB dos Municípios,https://ftp.ibge.gov.br/Pib_Municipios/2022_2023/base/base_de_dados_2010_2023_txt.zip,2018,Reais,Município,"Valor publicado, lido por posição fixa; preços correntes.","PIB per capita não é renda domiciliar. Em 2022–2023, somente PIB/PIB per capita; denominadores populacionais censitários e revisões descritos no PDF do pacote.",ibge_pib_2010_2023,False,,,
pib_per_capita_reais,pib per capita reais,IBGE — PIB dos Municípios,https://ftp.ibge.gov.br/Pib_Municipios/2022_2023/base/base_de_dados_2010_2023_txt.zip,2019,Reais,Município,"Valor publicado, lido por posição fixa; preços correntes.","PIB per capita não é renda domiciliar. Em 2022–2023, somente PIB/PIB per capita; denominadores populacionais censitários e revisões descritos no PDF do pacote.",ibge_pib_2010_2023,False,,,
pib_per_capita_reais,pib per capita reais,IBGE — PIB dos Municípios,https://ftp.ibge.gov.br/Pib_Municipios/2022_2023/base/base_de_dados_2010_2023_txt.zip,2020,Reais,Município,"Valor publicado, lido por posição fixa; preços correntes.","PIB per capita não é renda domiciliar. Em 2022–2023, somente PIB/PIB per capita; denominadores populacionais censitários e revisões descritos no PDF do pacote.",ibge_pib_2010_2023,False,,,
pib_per_capita_reais,pib per capita reais,IBGE — PIB dos Municípios,https://ftp.ibge.gov.br/Pib_Municipios/2022_2023/base/base_de_dados_2010_2023_txt.zip,2021,Reais,Município,"Valor publicado, lido por posição fixa; preços correntes.","PIB per capita não é renda domiciliar. Em 2022–2023, somente PIB/PIB per capita; denominadores populacionais censitários e revisões descritos no PDF do pacote.",ibge_pib_2010_2023,False,,,
pib_per_capita_reais,pib per capita reais,IBGE — PIB dos Municípios,https://ftp.ibge.gov.br/Pib_Municipios/2022_2023/base/base_de_dados_2010_2023_txt.zip,2022,Reais,Município,"Valor publicado, lido por posição fixa; preços correntes.","PIB per capita não é renda domiciliar. Em 2022–2023, somente PIB/PIB per capita; denominadores populacionais censitários e revisões descritos no PDF do pacote.",ibge_pib_2010_2023,False,,,
pib_per_capita_reais,pib per capita reais,IBGE — PIB dos Municípios,https://ftp.ibge.gov.br/Pib_Municipios/2022_2023/base/base_de_dados_2010_2023_txt.zip,2023,Reais,Município,"Valor publicado, lido por posição fixa; preços correntes.","PIB per capita não é renda domiciliar. Em 2022–2023, somente PIB/PIB per capita; denominadores populacionais censitários e revisões descritos no PDF do pacote.",ibge_pib_2010_2023,False,,,
populacao,População residente estimada,IBGE — Estimativas de População,https://apisidra.ibge.gov.br/values/t/6579/n6/all/v/9324/p/2011/u/y,2011,Pessoas,Município,"Valor publicado pelo SIDRA, sem cálculo adicional.",Porte demográfico anual; estimativas oficiais entre censos. Apenas ano de referência; sem interpolação. CEMPRE tem quebra de série em 2022. As definições censitárias são próprias de cada edição.,sidra_6579_2011,False,{},{},
populacao,População residente estimada,IBGE — Estimativas de População,https://apisidra.ibge.gov.br/values/t/6579/n6/all/v/9324/p/2012/u/y,2012,Pessoas,Município,"Valor publicado pelo SIDRA, sem cálculo adicional.",Porte demográfico anual; estimativas oficiais entre censos. Apenas ano de referência; sem interpolação. CEMPRE tem quebra de série em 2022. As definições censitárias são próprias de cada edição.,sidra_6579_2012,False,{},{},
populacao,População residente estimada,IBGE — Estimativas de População,https://apisidra.ibge.gov.br/values/t/6579/n6/all/v/9324/p/2013/u/y,2013,Pessoas,Município,"Valor publicado pelo SIDRA, sem cálculo adicional.",Porte demográfico anual; estimativas oficiais entre censos. Apenas ano de referência; sem interpolação. CEMPRE tem quebra de série em 2022. As definições censitárias são próprias de cada edição.,sidra_6579_2013,False,{},{},
populacao,População residente estimada,IBGE — Estimativas de População,https://apisidra.ibge.gov.br/values/t/6579/n6/all/v/9324/p/2014/u/y,2014,Pessoas,Município,"Valor publicado pelo SIDRA, sem cálculo adicional.",Porte demográfico anual; estimativas oficiais entre censos. Apenas ano de referência; sem interpolação. CEMPRE tem quebra de série em 2022. As definições censitárias são próprias de cada edição.,sidra_6579_2014,False,{},{},
populacao,População residente estimada,IBGE — Estimativas de População,https://apisidra.ibge.gov.br/values/t/6579/n6/all/v/9324/p/2015/u/y,2015,Pessoas,Município,"Valor publicado pelo SIDRA, sem cálculo adicional.",Porte demográfico anual; estimativas oficiais entre censos. Apenas ano de referência; sem interpolação. CEMPRE tem quebra de série em 2022. As definições censitárias são próprias de cada edição.,sidra_6579_2015,False,{},{},
populacao,População residente estimada,IBGE — Estimativas de População,https://apisidra.ibge.gov.br/values/t/6579/n6/all/v/9324/p/2016/u/y,2016,Pessoas,Município,"Valor publicado pelo SIDRA, sem cálculo adicional.",Porte demográfico anual; estimativas oficiais entre censos. Apenas ano de referência; sem interpolação. CEMPRE tem quebra de série em 2022. As definições censitárias são próprias de cada edição.,sidra_6579_2016,False,{},{},
populacao,População residente estimada,IBGE — Estimativas de População,https://apisidra.ibge.gov.br/values/t/6579/n6/all/v/9324/p/2017/u/y,2017,Pessoas,Município,"Valor publicado pelo SIDRA, sem cálculo adicional.",Porte demográfico anual; estimativas oficiais entre censos. Apenas ano de referência; sem interpolação. CEMPRE tem quebra de série em 2022. As definições censitárias são próprias de cada edição.,sidra_6579_2017,False,{},{},
populacao,População residente estimada,IBGE — Estimativas de População,https://apisidra.ibge.gov.br/values/t/6579/n6/all/v/9324/p/2018/u/y,2018,Pessoas,Município,"Valor publicado pelo SIDRA, sem cálculo adicional.",Porte demográfico anual; estimativas oficiais entre censos. Apenas ano de referência; sem interpolação. CEMPRE tem quebra de série em 2022. As definições censitárias são próprias de cada edição.,sidra_6579_2018,False,{},{},
populacao,População residente estimada,IBGE — Estimativas de População,https://apisidra.ibge.gov.br/values/t/6579/n6/all/v/9324/p/2019/u/y,2019,Pessoas,Município,"Valor publicado pelo SIDRA, sem cálculo adicional.",Porte demográfico anual; estimativas oficiais entre censos. Apenas ano de referência; sem interpolação. CEMPRE tem quebra de série em 2022. As definições censitárias são próprias de cada edição.,sidra_6579_2019,False,{},{},
populacao,População residente estimada,IBGE — Estimativas de População,https://apisidra.ibge.gov.br/values/t/6579/n6/all/v/9324/p/2020/u/y,2020,Pessoas,Município,"Valor publicado pelo SIDRA, sem cálculo adicional.",Porte demográfico anual; estimativas oficiais entre censos. Apenas ano de referência; sem interpolação. CEMPRE tem quebra de série em 2022. As definições censitárias são próprias de cada edição.,sidra_6579_2020,False,{},{},
populacao,População residente estimada,IBGE — Estimativas de População,https://apisidra.ibge.gov.br/values/t/6579/n6/all/v/9324/p/2021/u/y,2021,Pessoas,Município,"Valor publicado pelo SIDRA, sem cálculo adicional.",Porte demográfico anual; estimativas oficiais entre censos. Apenas ano de referência; sem interpolação. CEMPRE tem quebra de série em 2022. As definições censitárias são próprias de cada edição.,sidra_6579_2021,False,{},{},
populacao,População residente,IBGE — Censo Demográfico,"https://apisidra.ibge.gov.br/values/t/1552/n6/all/v/93,1000093/p/2010/c1/0,1,2/c2/0/c286/0/c287/0/u/y",2010,Pessoas,Município,"Valor publicado pelo SIDRA, sem cálculo adicional.",População e distribuição urbana/rural no Censo 2010. Apenas ano de referência; sem interpolação. CEMPRE tem quebra de série em 2022. As definições censitárias são próprias de cada edição.,sidra_1552_2010,False,"{""1"": ""0"", ""2"": ""0"", ""286"": ""0"", ""287"": ""0""}","{""1"": ""Total"", ""2"": ""Total"", ""286"": ""Total"", ""287"": ""Total""}",
sidra_1552_v93_c1_1,População residente,IBGE — Censo Demográfico,"https://apisidra.ibge.gov.br/values/t/1552/n6/all/v/93,1000093/p/2010/c1/0,1,2/c2/0/c286/0/c287/0/u/y",2010,Pessoas,Município,"Valor publicado pelo SIDRA, sem cálculo adicional.",População e distribuição urbana/rural no Censo 2010. Apenas ano de referência; sem interpolação. CEMPRE tem quebra de série em 2022. As definições censitárias são próprias de cada edição.,sidra_1552_2010,False,"{""1"": ""1"", ""2"": ""0"", ""286"": ""0"", ""287"": ""0""}","{""1"": ""Urbana"", ""2"": ""Total"", ""286"": ""Total"", ""287"": ""Total""}",
sidra_1552_v93_c1_2,População residente,IBGE — Censo Demográfico,"https://apisidra.ibge.gov.br/values/t/1552/n6/all/v/93,1000093/p/2010/c1/0,1,2/c2/0/c286/0/c287/0/u/y",2010,Pessoas,Município,"Valor publicado pelo SIDRA, sem cálculo adicional.",População e distribuição urbana/rural no Censo 2010. Apenas ano de referência; sem interpolação. CEMPRE tem quebra de série em 2022. As definições censitárias são próprias de cada edição.,sidra_1552_2010,False,"{""1"": ""2"", ""2"": ""0"", ""286"": ""0"", ""287"": ""0""}","{""1"": ""Rural"", ""2"": ""Total"", ""286"": ""Total"", ""287"": ""Total""}",
sidra_1552_v1000093_c1_0,População residente - percentual do total geral,IBGE — Censo Demográfico,"https://apisidra.ibge.gov.br/values/t/1552/n6/all/v/93,1000093/p/2010/c1/0,1,2/c2/0/c286/0/c287/0/u/y",2010,Percentual,Município,"Valor publicado pelo SIDRA, sem cálculo adicional.",População e distribuição urbana/rural no Censo 2010. Apenas ano de referência; sem interpolação. CEMPRE tem quebra de série em 2022. As definições censitárias são próprias de cada edição.,sidra_1552_2010,False,"{""1"": ""0"", ""2"": ""0"", ""286"": ""0"", ""287"": ""0""}","{""1"": ""Total"", ""2"": ""Total"", ""286"": ""Total"", ""287"": ""Total""}",
sidra_1552_v1000093_c1_1,População residente - percentual do total geral,IBGE — Censo Demográfico,"https://apisidra.ibge.gov.br/values/t/1552/n6/all/v/93,1000093/p/2010/c1/0,1,2/c2/0/c286/0/c287/0/u/y",2010,Percentual,Município,"Valor publicado pelo SIDRA, sem cálculo adicional.",População e distribuição urbana/rural no Censo 2010. Apenas ano de referência; sem interpolação. CEMPRE tem quebra de série em 2022. As definições censitárias são próprias de cada edição.,sidra_1552_2010,False,"{""1"": ""1"", ""2"": ""0"", ""286"": ""0"", ""287"": ""0""}","{""1"": ""Urbana"", ""2"": ""Total"", ""286"": ""Total"", ""287"": ""Total""}",
sidra_1552_v1000093_c1_2,População residente - percentual do total geral,IBGE — Censo Demográfico,"https://apisidra.ibge.gov.br/values/t/1552/n6/all/v/93,1000093/p/2010/c1/0,1,2/c2/0/c286/0/c287/0/u/y",2010,Percentual,Município,"Valor publicado pelo SIDRA, sem cálculo adicional.",População e distribuição urbana/rural no Censo 2010. Apenas ano de referência; sem interpolação. CEMPRE tem quebra de série em 2022. As definições censitárias são próprias de cada edição.,sidra_1552_2010,False,"{""1"": ""2"", ""2"": ""0"", ""286"": ""0"", ""287"": ""0""}","{""1"": ""Rural"", ""2"": ""Total"", ""286"": ""Total"", ""287"": ""Total""}",
area_km2,Área total das unidades territoriais,IBGE — Censo Demográfico,"https://apisidra.ibge.gov.br/values/t/1301/n6/all/v/615,616/p/2010/u/y",2010,Quilômetros quadrados,Município,"Valor publicado pelo SIDRA, sem cálculo adicional.",Área e densidade na referência territorial do Censo 2010. Apenas ano de referência; sem interpolação. CEMPRE tem quebra de série em 2022. As definições censitárias são próprias de cada edição.,sidra_1301_2010,False,{},{},
densidade_hab_km2,Densidade demográfica da unidade territorial,IBGE — Censo Demográfico,"https://apisidra.ibge.gov.br/values/t/1301/n6/all/v/615,616/p/2010/u/y",2010,Habitante por quilômetro quadrado,Município,"Valor publicado pelo SIDRA, sem cálculo adicional.",Área e densidade na referência territorial do Censo 2010. Apenas ano de referência; sem interpolação. CEMPRE tem quebra de série em 2022. As definições censitárias são próprias de cada edição.,sidra_1301_2010,False,{},{},
populacao,População residente,IBGE — Censo Demográfico,"https://apisidra.ibge.gov.br/values/t/4714/n6/all/v/93,6318,614/p/2022/u/y",2022,Pessoas,Município,"Valor publicado pelo SIDRA, sem cálculo adicional.","População, área e densidade do Censo 2022. Apenas ano de referência; sem interpolação. CEMPRE tem quebra de série em 2022. As definições censitárias são próprias de cada edição.",sidra_4714_2022,False,{},{},
area_km2,Área da unidade territorial,IBGE — Censo Demográfico,"https://apisidra.ibge.gov.br/values/t/4714/n6/all/v/93,6318,614/p/2022/u/y",2022,Quilômetros quadrados,Município,"Valor publicado pelo SIDRA, sem cálculo adicional.","População, área e densidade do Censo 2022. Apenas ano de referência; sem interpolação. CEMPRE tem quebra de série em 2022. As definições censitárias são próprias de cada edição.",sidra_4714_2022,False,{},{},
densidade_hab_km2,Densidade demográfica,IBGE — Censo Demográfico,"https://apisidra.ibge.gov.br/values/t/4714/n6/all/v/93,6318,614/p/2022/u/y",2022,Habitante por quilômetro quadrado,Município,"Valor publicado pelo SIDRA, sem cálculo adicional.","População, área e densidade do Censo 2022. Apenas ano de referência; sem interpolação. CEMPRE tem quebra de série em 2022. As definições censitárias são próprias de cada edição.",sidra_4714_2022,False,{},{},
sidra_9923_v93_c1_6795,População residente,IBGE — Censo Demográfico,"https://apisidra.ibge.gov.br/values/t/9923/n6/all/v/93,1000093/p/2022/c1/6795,1,2/u/y",2022,Pessoas,Município,"Valor publicado pelo SIDRA, sem cálculo adicional.",Distribuição urbana/rural na definição do Censo 2022. Apenas ano de referência; sem interpolação. CEMPRE tem quebra de série em 2022. As definições censitárias são próprias de cada edição.,sidra_9923_2022,False,"{""1"": ""6795""}","{""1"": ""Total""}",
sidra_9923_v93_c1_1,População residente,IBGE — Censo Demográfico,"https://apisidra.ibge.gov.br/values/t/9923/n6/all/v/93,1000093/p/2022/c1/6795,1,2/u/y",2022,Pessoas,Município,"Valor publicado pelo SIDRA, sem cálculo adicional.",Distribuição urbana/rural na definição do Censo 2022. Apenas ano de referência; sem interpolação. CEMPRE tem quebra de série em 2022. As definições censitárias são próprias de cada edição.,sidra_9923_2022,False,"{""1"": ""1""}","{""1"": ""Urbana""}",
sidra_9923_v93_c1_2,População residente,IBGE — Censo Demográfico,"https://apisidra.ibge.gov.br/values/t/9923/n6/all/v/93,1000093/p/2022/c1/6795,1,2/u/y",2022,Pessoas,Município,"Valor publicado pelo SIDRA, sem cálculo adicional.",Distribuição urbana/rural na definição do Censo 2022. Apenas ano de referência; sem interpolação. CEMPRE tem quebra de série em 2022. As definições censitárias são próprias de cada edição.,sidra_9923_2022,False,"{""1"": ""2""}","{""1"": ""Rural""}",
sidra_9923_v1000093_c1_6795,População residente - percentual do total geral,IBGE — Censo Demográfico,"https://apisidra.ibge.gov.br/values/t/9923/n6/all/v/93,1000093/p/2022/c1/6795,1,2/u/y",2022,Percentual,Município,"Valor publicado pelo SIDRA, sem cálculo adicional.",Distribuição urbana/rural na definição do Censo 2022. Apenas ano de referência; sem interpolação. CEMPRE tem quebra de série em 2022. As definições censitárias são próprias de cada edição.,sidra_9923_2022,False,"{""1"": ""6795""}","{""1"": ""Total""}",
sidra_9923_v1000093_c1_1,População residente - percentual do total geral,IBGE — Censo Demográfico,"https://apisidra.ibge.gov.br/values/t/9923/n6/all/v/93,1000093/p/2022/c1/6795,1,2/u/y",2022,Percentual,Município,"Valor publicado pelo SIDRA, sem cálculo adicional.",Distribuição urbana/rural na definição do Censo 2022. Apenas ano de referência; sem interpolação. CEMPRE tem quebra de série em 2022. As definições censitárias são próprias de cada edição.,sidra_9923_2022,False,"{""1"": ""1""}","{""1"": ""Urbana""}",
sidra_9923_v1000093_c1_2,População residente - percentual do total geral,IBGE — Censo Demográfico,"https://apisidra.ibge.gov.br/values/t/9923/n6/all/v/93,1000093/p/2022/c1/6795,1,2/u/y",2022,Percentual,Município,"Valor publicado pelo SIDRA, sem cálculo adicional.",Distribuição urbana/rural na definição do Censo 2022. Apenas ano de referência; sem interpolação. CEMPRE tem quebra de série em 2022. As definições censitárias são próprias de cada edição.,sidra_9923_2022,False,"{""1"": ""2""}","{""1"": ""Rural""}",
alfabetizacao_15mais_censo2022_pct,Taxa de alfabetização das pessoas de 15 anos ou mais de idade,IBGE — Censo Demográfico,https://apisidra.ibge.gov.br/values/t/9543/n6/all/v/2513/p/2022/c2/6794/c86/95251/c287/100362/u/y,2022,%,Município,"Valor publicado pelo SIDRA, sem cálculo adicional.",Alfabetização das pessoas de 15 anos ou mais; definição oficial. Apenas ano de referência; sem interpolação. CEMPRE tem quebra de série em 2022. As definições censitárias são próprias de cada edição.,sidra_9543_2022,False,"{""2"": ""6794"", ""86"": ""95251"", ""287"": ""100362""}","{""2"": ""Total"", ""86"": ""Total"", ""287"": ""Total""}",
renda_domiciliar_per_capita_censo2022_reais,"Valor do rendimento nominal médio mensal domiciliar per capita dos moradores em domicílios particulares permanentes ocupados, exclusive os cuja condição no domicílio era pensionista, empregado(a) doméstico(a) ou parente do(a) empregado(a) doméstico(a)",IBGE — Censo Demográfico,"https://apisidra.ibge.gov.br/values/t/10295/n6/all/v/13431,13534/p/2022/c2/6794/c86/95251/c58/95253/u/y",2022,Reais,Município,"Valor publicado pelo SIDRA, sem cálculo adicional.",Rendimento domiciliar per capita médio e mediano; universo censitário. Apenas ano de referência; sem interpolação. CEMPRE tem quebra de série em 2022. As definições censitárias são próprias de cada edição.,sidra_10295_2022,False,"{""2"": ""6794"", ""86"": ""95251"", ""58"": ""95253""}","{""2"": ""Total"", ""86"": ""Total"", ""58"": ""Total""}",
renda_domiciliar_per_capita_mediana_censo2022_reais,"Valor do rendimento nominal mediano mensal domiciliar per capita dos moradores em domicílios particulares permanentes ocupados, exclusive os cuja condição no domicílio era pensionista, empregado(a) doméstico(a) ou parente do(a) empregado(a) doméstico(a)",IBGE — Censo Demográfico,"https://apisidra.ibge.gov.br/values/t/10295/n6/all/v/13431,13534/p/2022/c2/6794/c86/95251/c58/95253/u/y",2022,Reais,Município,"Valor publicado pelo SIDRA, sem cálculo adicional.",Rendimento domiciliar per capita médio e mediano; universo censitário. Apenas ano de referência; sem interpolação. CEMPRE tem quebra de série em 2022. As definições censitárias são próprias de cada edição.,sidra_10295_2022,False,"{""2"": ""6794"", ""86"": ""95251"", ""58"": ""95253""}","{""2"": ""Total"", ""86"": ""Total"", ""58"": ""Total""}",
sidra_3540_v140_c1568_0,Pessoas de 10 anos ou mais de idade,IBGE — Censo Demográfico,"https://apisidra.ibge.gov.br/values/t/3540/n6/all/v/140/p/2010/c1568/0,9493,9494,9495,99713,11626/c1/0/c2/0/c86/0/c58/0/u/y",2010,Pessoas,Município,"Valor publicado pelo SIDRA, sem cálculo adicional.",Composição por nível de instrução das pessoas de 10 anos ou mais. Apenas ano de referência; sem interpolação. CEMPRE tem quebra de série em 2022. As definições censitárias são próprias de cada edição.,sidra_3540_2010_v140,False,"{""1568"": ""0"", ""1"": ""0"", ""2"": ""0"", ""86"": ""0"", ""58"": ""0""}","{""1568"": ""Total"", ""1"": ""Total"", ""2"": ""Total"", ""86"": ""Total"", ""58"": ""Total""}",
sidra_3540_v140_c1568_9493,Pessoas de 10 anos ou mais de idade,IBGE — Censo Demográfico,"https://apisidra.ibge.gov.br/values/t/3540/n6/all/v/140/p/2010/c1568/0,9493,9494,9495,99713,11626/c1/0/c2/0/c86/0/c58/0/u/y",2010,Pessoas,Município,"Valor publicado pelo SIDRA, sem cálculo adicional.",Composição por nível de instrução das pessoas de 10 anos ou mais. Apenas ano de referência; sem interpolação. CEMPRE tem quebra de série em 2022. As definições censitárias são próprias de cada edição.,sidra_3540_2010_v140,False,"{""1568"": ""9493"", ""1"": ""0"", ""2"": ""0"", ""86"": ""0"", ""58"": ""0""}","{""1568"": ""Sem instrução e fundamental incompleto"", ""1"": ""Total"", ""2"": ""Total"", ""86"": ""Total"", ""58"": ""Total""}",
sidra_3540_v140_c1568_9494,Pessoas de 10 anos ou mais de idade,IBGE — Censo Demográfico,"https://apisidra.ibge.gov.br/values/t/3540/n6/all/v/140/p/2010/c1568/0,9493,9494,9495,99713,11626/c1/0/c2/0/c86/0/c58/0/u/y",2010,Pessoas,Município,"Valor publicado pelo SIDRA, sem cálculo adicional.",Composição por nível de instrução das pessoas de 10 anos ou mais. Apenas ano de referência; sem interpolação. CEMPRE tem quebra de série em 2022. As definições censitárias são próprias de cada edição.,sidra_3540_2010_v140,False,"{""1568"": ""9494"", ""1"": ""0"", ""2"": ""0"", ""86"": ""0"", ""58"": ""0""}","{""1568"": ""Fundamental completo e médio incompleto"", ""1"": ""Total"", ""2"": ""Total"", ""86"": ""Total"", ""58"": ""Total""}",
sidra_3540_v140_c1568_9495,Pessoas de 10 anos ou mais de idade,IBGE — Censo Demográfico,"https://apisidra.ibge.gov.br/values/t/3540/n6/all/v/140/p/2010/c1568/0,9493,9494,9495,99713,11626/c1/0/c2/0/c86/0/c58/0/u/y",2010,Pessoas,Município,"Valor publicado pelo SIDRA, sem cálculo adicional.",Composição por nível de instrução das pessoas de 10 anos ou mais. Apenas ano de referência; sem interpolação. CEMPRE tem quebra de série em 2022. As definições censitárias são próprias de cada edição.,sidra_3540_2010_v140,False,"{""1568"": ""9495"", ""1"": ""0"", ""2"": ""0"", ""86"": ""0"", ""58"": ""0""}","{""1568"": ""Médio completo e superior incompleto"", ""1"": ""Total"", ""2"": ""Total"", ""86"": ""Total"", ""58"": ""Total""}",
sidra_3540_v140_c1568_99713,Pessoas de 10 anos ou mais de idade,IBGE — Censo Demográfico,"https://apisidra.ibge.gov.br/values/t/3540/n6/all/v/140/p/2010/c1568/0,9493,9494,9495,99713,11626/c1/0/c2/0/c86/0/c58/0/u/y",2010,Pessoas,Município,"Valor publicado pelo SIDRA, sem cálculo adicional.",Composição por nível de instrução das pessoas de 10 anos ou mais. Apenas ano de referência; sem interpolação. CEMPRE tem quebra de série em 2022. As definições censitárias são próprias de cada edição.,sidra_3540_2010_v140,False,"{""1568"": ""99713"", ""1"": ""0"", ""2"": ""0"", ""86"": ""0"", ""58"": ""0""}","{""1568"": ""Superior completo"", ""1"": ""Total"", ""2"": ""Total"", ""86"": ""Total"", ""58"": ""Total""}",
sidra_3540_v140_c1568_11626,Pessoas de 10 anos ou mais de idade,IBGE — Censo Demográfico,"https://apisidra.ibge.gov.br/values/t/3540/n6/all/v/140/p/2010/c1568/0,9493,9494,9495,99713,11626/c1/0/c2/0/c86/0/c58/0/u/y",2010,Pessoas,Município,"Valor publicado pelo SIDRA, sem cálculo adicional.",Composição por nível de instrução das pessoas de 10 anos ou mais. Apenas ano de referência; sem interpolação. CEMPRE tem quebra de série em 2022. As definições censitárias são próprias de cada edição.,sidra_3540_2010_v140,False,"{""1568"": ""11626"", ""1"": ""0"", ""2"": ""0"", ""86"": ""0"", ""58"": ""0""}","{""1568"": ""Não determinado"", ""1"": ""Total"", ""2"": ""Total"", ""86"": ""Total"", ""58"": ""Total""}",
sidra_3540_v1000140_c1568_0,Pessoas de 10 anos ou mais de idade - percentual do total geral,IBGE — Censo Demográfico,"https://apisidra.ibge.gov.br/values/t/3540/n6/all/v/1000140/p/2010/c1568/0,9493,9494,9495,99713,11626/c1/0/c2/0/c86/0/c58/0/u/y",2010,Percentual,Município,"Valor publicado pelo SIDRA, sem cálculo adicional.",Composição por nível de instrução das pessoas de 10 anos ou mais. Apenas ano de referência; sem interpolação. CEMPRE tem quebra de série em 2022. As definições censitárias são próprias de cada edição.,sidra_3540_2010_v1000140,False,"{""1568"": ""0"", ""1"": ""0"", ""2"": ""0"", ""86"": ""0"", ""58"": ""0""}","{""1568"": ""Total"", ""1"": ""Total"", ""2"": ""Total"", ""86"": ""Total"", ""58"": ""Total""}",
sidra_3540_v1000140_c1568_9493,Pessoas de 10 anos ou mais de idade - percentual do total geral,IBGE — Censo Demográfico,"https://apisidra.ibge.gov.br/values/t/3540/n6/all/v/1000140/p/2010/c1568/0,9493,9494,9495,99713,11626/c1/0/c2/0/c86/0/c58/0/u/y",2010,Percentual,Município,"Valor publicado pelo SIDRA, sem cálculo adicional.",Composição por nível de instrução das pessoas de 10 anos ou mais. Apenas ano de referência; sem interpolação. CEMPRE tem quebra de série em 2022. As definições censitárias são próprias de cada edição.,sidra_3540_2010_v1000140,False,"{""1568"": ""9493"", ""1"": ""0"", ""2"": ""0"", ""86"": ""0"", ""58"": ""0""}","{""1568"": ""Sem instrução e fundamental incompleto"", ""1"": ""Total"", ""2"": ""Total"", ""86"": ""Total"", ""58"": ""Total""}",
sidra_3540_v1000140_c1568_9494,Pessoas de 10 anos ou mais de idade - percentual do total geral,IBGE — Censo Demográfico,"https://apisidra.ibge.gov.br/values/t/3540/n6/all/v/1000140/p/2010/c1568/0,9493,9494,9495,99713,11626/c1/0/c2/0/c86/0/c58/0/u/y",2010,Percentual,Município,"Valor publicado pelo SIDRA, sem cálculo adicional.",Composição por nível de instrução das pessoas de 10 anos ou mais. Apenas ano de referência; sem interpolação. CEMPRE tem quebra de série em 2022. As definições censitárias são próprias de cada edição.,sidra_3540_2010_v1000140,False,"{""1568"": ""9494"", ""1"": ""0"", ""2"": ""0"", ""86"": ""0"", ""58"": ""0""}","{""1568"": ""Fundamental completo e médio incompleto"", ""1"": ""Total"", ""2"": ""Total"", ""86"": ""Total"", ""58"": ""Total""}",
sidra_3540_v1000140_c1568_9495,Pessoas de 10 anos ou mais de idade - percentual do total geral,IBGE — Censo Demográfico,"https://apisidra.ibge.gov.br/values/t/3540/n6/all/v/1000140/p/2010/c1568/0,9493,9494,9495,99713,11626/c1/0/c2/0/c86/0/c58/0/u/y",2010,Percentual,Município,"Valor publicado pelo SIDRA, sem cálculo adicional.",Composição por nível de instrução das pessoas de 10 anos ou mais. Apenas ano de referência; sem interpolação. CEMPRE tem quebra de série em 2022. As definições censitárias são próprias de cada edição.,sidra_3540_2010_v1000140,False,"{""1568"": ""9495"", ""1"": ""0"", ""2"": ""0"", ""86"": ""0"", ""58"": ""0""}","{""1568"": ""Médio completo e superior incompleto"", ""1"": ""Total"", ""2"": ""Total"", ""86"": ""Total"", ""58"": ""Total""}",
sidra_3540_v1000140_c1568_99713,Pessoas de 10 anos ou mais de idade - percentual do total geral,IBGE — Censo Demográfico,"https://apisidra.ibge.gov.br/values/t/3540/n6/all/v/1000140/p/2010/c1568/0,9493,9494,9495,99713,11626/c1/0/c2/0/c86/0/c58/0/u/y",2010,Percentual,Município,"Valor publicado pelo SIDRA, sem cálculo adicional.",Composição por nível de instrução das pessoas de 10 anos ou mais. Apenas ano de referência; sem interpolação. CEMPRE tem quebra de série em 2022. As definições censitárias são próprias de cada edição.,sidra_3540_2010_v1000140,False,"{""1568"": ""99713"", ""1"": ""0"", ""2"": ""0"", ""86"": ""0"", ""58"": ""0""}","{""1568"": ""Superior completo"", ""1"": ""Total"", ""2"": ""Total"", ""86"": ""Total"", ""58"": ""Total""}",
sidra_3540_v1000140_c1568_11626,Pessoas de 10 anos ou mais de idade - percentual do total geral,IBGE — Censo Demográfico,"https://apisidra.ibge.gov.br/values/t/3540/n6/all/v/1000140/p/2010/c1568/0,9493,9494,9495,99713,11626/c1/0/c2/0/c86/0/c58/0/u/y",2010,Percentual,Município,"Valor publicado pelo SIDRA, sem cálculo adicional.",Composição por nível de instrução das pessoas de 10 anos ou mais. Apenas ano de referência; sem interpolação. CEMPRE tem quebra de série em 2022. As definições censitárias são próprias de cada edição.,sidra_3540_2010_v1000140,False,"{""1568"": ""11626"", ""1"": ""0"", ""2"": ""0"", ""86"": ""0"", ""58"": ""0""}","{""1568"": ""Não determinado"", ""1"": ""Total"", ""2"": ""Total"", ""86"": ""Total"", ""58"": ""Total""}",
sidra_6803_v381_c1821_72129,Domicílios particulares permanentes ocupados,IBGE — Censo Demográfico,"https://apisidra.ibge.gov.br/values/t/6803/n6/all/v/381,1000381/p/2022/c1821/72129,72144,72145,72153/u/y",2022,Unidades,Município,"Valor publicado pelo SIDRA, sem cálculo adicional.","Acesso domiciliar à rede de água, nas categorias publicadas. Apenas ano de referência; sem interpolação. CEMPRE tem quebra de série em 2022. As definições censitárias são próprias de cada edição.",sidra_6803_2022,False,"{""1821"": ""72129""}","{""1821"": ""Total""}",
sidra_6803_v381_c1821_72144,Domicílios particulares permanentes ocupados,IBGE — Censo Demográfico,"https://apisidra.ibge.gov.br/values/t/6803/n6/all/v/381,1000381/p/2022/c1821/72129,72144,72145,72153/u/y",2022,Unidades,Município,"Valor publicado pelo SIDRA, sem cálculo adicional.","Acesso domiciliar à rede de água, nas categorias publicadas. Apenas ano de referência; sem interpolação. CEMPRE tem quebra de série em 2022. As definições censitárias são próprias de cada edição.",sidra_6803_2022,False,"{""1821"": ""72144""}","{""1821"": ""Possui ligação à rede geral e a utiliza como forma principal""}",
sidra_6803_v381_c1821_72145,Domicílios particulares permanentes ocupados,IBGE — Censo Demográfico,"https://apisidra.ibge.gov.br/values/t/6803/n6/all/v/381,1000381/p/2022/c1821/72129,72144,72145,72153/u/y",2022,Unidades,Município,"Valor publicado pelo SIDRA, sem cálculo adicional.","Acesso domiciliar à rede de água, nas categorias publicadas. Apenas ano de referência; sem interpolação. CEMPRE tem quebra de série em 2022. As definições censitárias são próprias de cada edição.",sidra_6803_2022,False,"{""1821"": ""72145""}","{""1821"": ""Possui ligação à rede geral, mas utiliza principalmente outra forma""}",
sidra_6803_v381_c1821_72153,Domicílios particulares permanentes ocupados,IBGE — Censo Demográfico,"https://apisidra.ibge.gov.br/values/t/6803/n6/all/v/381,1000381/p/2022/c1821/72129,72144,72145,72153/u/y",2022,Unidades,Município,"Valor publicado pelo SIDRA, sem cálculo adicional.","Acesso domiciliar à rede de água, nas categorias publicadas. Apenas ano de referência; sem interpolação. CEMPRE tem quebra de série em 2022. As definições censitárias são próprias de cada edição.",sidra_6803_2022,False,"{""1821"": ""72153""}","{""1821"": ""Não possui ligação com a rede geral""}",
sidra_6803_v1000381_c1821_72129,Domicílios particulares permanentes ocupados - percentual do total geral,IBGE — Censo Demográfico,"https://apisidra.ibge.gov.br/values/t/6803/n6/all/v/381,1000381/p/2022/c1821/72129,72144,72145,72153/u/y",2022,Percentual,Município,"Valor publicado pelo SIDRA, sem cálculo adicional.","Acesso domiciliar à rede de água, nas categorias publicadas. Apenas ano de referência; sem interpolação. CEMPRE tem quebra de série em 2022. As definições censitárias são próprias de cada edição.",sidra_6803_2022,False,"{""1821"": ""72129""}","{""1821"": ""Total""}",
sidra_6803_v1000381_c1821_72144,Domicílios particulares permanentes ocupados - percentual do total geral,IBGE — Censo Demográfico,"https://apisidra.ibge.gov.br/values/t/6803/n6/all/v/381,1000381/p/2022/c1821/72129,72144,72145,72153/u/y",2022,Percentual,Município,"Valor publicado pelo SIDRA, sem cálculo adicional.","Acesso domiciliar à rede de água, nas categorias publicadas. Apenas ano de referência; sem interpolação. CEMPRE tem quebra de série em 2022. As definições censitárias são próprias de cada edição.",sidra_6803_2022,False,"{""1821"": ""72144""}","{""1821"": ""Possui ligação à rede geral e a utiliza como forma principal""}",
sidra_6803_v1000381_c1821_72145,Domicílios particulares permanentes ocupados - percentual do total geral,IBGE — Censo Demográfico,"https://apisidra.ibge.gov.br/values/t/6803/n6/all/v/381,1000381/p/2022/c1821/72129,72144,72145,72153/u/y",2022,Percentual,Município,"Valor publicado pelo SIDRA, sem cálculo adicional.","Acesso domiciliar à rede de água, nas categorias publicadas. Apenas ano de referência; sem interpolação. CEMPRE tem quebra de série em 2022. As definições censitárias são próprias de cada edição.",sidra_6803_2022,False,"{""1821"": ""72145""}","{""1821"": ""Possui ligação à rede geral, mas utiliza principalmente outra forma""}",
sidra_6803_v1000381_c1821_72153,Domicílios particulares permanentes ocupados - percentual do total geral,IBGE — Censo Demográfico,"https://apisidra.ibge.gov.br/values/t/6803/n6/all/v/381,1000381/p/2022/c1821/72129,72144,72145,72153/u/y",2022,Percentual,Município,"Valor publicado pelo SIDRA, sem cálculo adicional.","Acesso domiciliar à rede de água, nas categorias publicadas. Apenas ano de referência; sem interpolação. CEMPRE tem quebra de série em 2022. As definições censitárias são próprias de cada edição.",sidra_6803_2022,False,"{""1821"": ""72153""}","{""1821"": ""Não possui ligação com a rede geral""}",
sidra_6805_v381_c11558_46292,Domicílios particulares permanentes ocupados,IBGE — Censo Demográfico,"https://apisidra.ibge.gov.br/values/t/6805/n6/all/v/381/p/2022/c11558/46292,46290,72112,72113,92861/u/y",2022,Unidades,Município,"Valor publicado pelo SIDRA, sem cálculo adicional.","Esgotamento sanitário, preservando o universo e as categorias oficiais. Apenas ano de referência; sem interpolação. CEMPRE tem quebra de série em 2022. As definições censitárias são próprias de cada edição.",sidra_6805_2022_v381,False,"{""11558"": ""46292""}","{""11558"": ""Total""}",
sidra_6805_v381_c11558_46290,Domicílios particulares permanentes ocupados,IBGE — Censo Demográfico,"https://apisidra.ibge.gov.br/values/t/6805/n6/all/v/381/p/2022/c11558/46292,46290,72112,72113,92861/u/y",2022,Unidades,Município,"Valor publicado pelo SIDRA, sem cálculo adicional.","Esgotamento sanitário, preservando o universo e as categorias oficiais. Apenas ano de referência; sem interpolação. CEMPRE tem quebra de série em 2022. As definições censitárias são próprias de cada edição.",sidra_6805_2022_v381,False,"{""11558"": ""46290""}","{""11558"": ""Rede geral, rede pluvial ou fossa ligada à rede""}",
sidra_6805_v381_c11558_72112,Domicílios particulares permanentes ocupados,IBGE — Censo Demográfico,"https://apisidra.ibge.gov.br/values/t/6805/n6/all/v/381/p/2022/c11558/46292,46290,72112,72113,92861/u/y",2022,Unidades,Município,"Valor publicado pelo SIDRA, sem cálculo adicional.","Esgotamento sanitário, preservando o universo e as categorias oficiais. Apenas ano de referência; sem interpolação. CEMPRE tem quebra de série em 2022. As definições censitárias são próprias de cada edição.",sidra_6805_2022_v381,False,"{""11558"": ""72112""}","{""11558"": ""Fossa séptica ou fossa filtro não ligada à rede""}",
sidra_6805_v381_c11558_72113,Domicílios particulares permanentes ocupados,IBGE — Censo Demográfico,"https://apisidra.ibge.gov.br/values/t/6805/n6/all/v/381/p/2022/c11558/46292,46290,72112,72113,92861/u/y",2022,Unidades,Município,"Valor publicado pelo SIDRA, sem cálculo adicional.","Esgotamento sanitário, preservando o universo e as categorias oficiais. Apenas ano de referência; sem interpolação. CEMPRE tem quebra de série em 2022. As definições censitárias são próprias de cada edição.",sidra_6805_2022_v381,False,"{""11558"": ""72113""}","{""11558"": ""Fossa rudimentar ou buraco""}",
sidra_6805_v381_c11558_92861,Domicílios particulares permanentes ocupados,IBGE — Censo Demográfico,"https://apisidra.ibge.gov.br/values/t/6805/n6/all/v/381/p/2022/c11558/46292,46290,72112,72113,92861/u/y",2022,Unidades,Município,"Valor publicado pelo SIDRA, sem cálculo adicional.","Esgotamento sanitário, preservando o universo e as categorias oficiais. Apenas ano de referência; sem interpolação. CEMPRE tem quebra de série em 2022. As definições censitárias são próprias de cada edição.",sidra_6805_2022_v381,False,"{""11558"": ""92861""}","{""11558"": ""Não tinham banheiro nem sanitário""}",
sidra_6805_v1000381_c11558_46292,Domicílios particulares permanentes ocupados - percentual do total geral,IBGE — Censo Demográfico,"https://apisidra.ibge.gov.br/values/t/6805/n6/all/v/1000381/p/2022/c11558/46292,46290,72112,72113,92861/u/y",2022,Percentual,Município,"Valor publicado pelo SIDRA, sem cálculo adicional.","Esgotamento sanitário, preservando o universo e as categorias oficiais. Apenas ano de referência; sem interpolação. CEMPRE tem quebra de série em 2022. As definições censitárias são próprias de cada edição.",sidra_6805_2022_v1000381,False,"{""11558"": ""46292""}","{""11558"": ""Total""}",
sidra_6805_v1000381_c11558_46290,Domicílios particulares permanentes ocupados - percentual do total geral,IBGE — Censo Demográfico,"https://apisidra.ibge.gov.br/values/t/6805/n6/all/v/1000381/p/2022/c11558/46292,46290,72112,72113,92861/u/y",2022,Percentual,Município,"Valor publicado pelo SIDRA, sem cálculo adicional.","Esgotamento sanitário, preservando o universo e as categorias oficiais. Apenas ano de referência; sem interpolação. CEMPRE tem quebra de série em 2022. As definições censitárias são próprias de cada edição.",sidra_6805_2022_v1000381,False,"{""11558"": ""46290""}","{""11558"": ""Rede geral, rede pluvial ou fossa ligada à rede""}",
sidra_6805_v1000381_c11558_72112,Domicílios particulares permanentes ocupados - percentual do total geral,IBGE — Censo Demográfico,"https://apisidra.ibge.gov.br/values/t/6805/n6/all/v/1000381/p/2022/c11558/46292,46290,72112,72113,92861/u/y",2022,Percentual,Município,"Valor publicado pelo SIDRA, sem cálculo adicional.","Esgotamento sanitário, preservando o universo e as categorias oficiais. Apenas ano de referência; sem interpolação. CEMPRE tem quebra de série em 2022. As definições censitárias são próprias de cada edição.",sidra_6805_2022_v1000381,False,"{""11558"": ""72112""}","{""11558"": ""Fossa séptica ou fossa filtro não ligada à rede""}",
sidra_6805_v1000381_c11558_72113,Domicílios particulares permanentes ocupados - percentual do total geral,IBGE — Censo Demográfico,"https://apisidra.ibge.gov.br/values/t/6805/n6/all/v/1000381/p/2022/c11558/46292,46290,72112,72113,92861/u/y",2022,Percentual,Município,"Valor publicado pelo SIDRA, sem cálculo adicional.","Esgotamento sanitário, preservando o universo e as categorias oficiais. Apenas ano de referência; sem interpolação. CEMPRE tem quebra de série em 2022. As definições censitárias são próprias de cada edição.",sidra_6805_2022_v1000381,False,"{""11558"": ""72113""}","{""11558"": ""Fossa rudimentar ou buraco""}",
sidra_6805_v1000381_c11558_92861,Domicílios particulares permanentes ocupados - percentual do total geral,IBGE — Censo Demográfico,"https://apisidra.ibge.gov.br/values/t/6805/n6/all/v/1000381/p/2022/c11558/46292,46290,72112,72113,92861/u/y",2022,Percentual,Município,"Valor publicado pelo SIDRA, sem cálculo adicional.","Esgotamento sanitário, preservando o universo e as categorias oficiais. Apenas ano de referência; sem interpolação. CEMPRE tem quebra de série em 2022. As definições censitárias são próprias de cada edição.",sidra_6805_2022_v1000381,False,"{""11558"": ""92861""}","{""11558"": ""Não tinham banheiro nem sanitário""}",
sidra_10201_v13436_c2072_77584,Moradores com 10 anos ou mais de idade em domicílios particulares permanentes ocupados,IBGE — Censo Demográfico,"https://apisidra.ibge.gov.br/values/t/10201/n6/all/v/13436,1013436/p/2022/c2072/77584,77585,77586/c133/95278/u/y",2022,Pessoas,Município,"Valor publicado pelo SIDRA, sem cálculo adicional.",Conexão domiciliar à internet entre moradores de 10 anos ou mais; religião no total. Apenas ano de referência; sem interpolação. CEMPRE tem quebra de série em 2022. As definições censitárias são próprias de cada edição.,sidra_10201_2022,False,"{""2072"": ""77584"", ""133"": ""95278""}","{""2072"": ""Total"", ""133"": ""Total""}",
sidra_10201_v13436_c2072_77585,Moradores com 10 anos ou mais de idade em domicílios particulares permanentes ocupados,IBGE — Censo Demográfico,"https://apisidra.ibge.gov.br/values/t/10201/n6/all/v/13436,1013436/p/2022/c2072/77584,77585,77586/c133/95278/u/y",2022,Pessoas,Município,"Valor publicado pelo SIDRA, sem cálculo adicional.",Conexão domiciliar à internet entre moradores de 10 anos ou mais; religião no total. Apenas ano de referência; sem interpolação. CEMPRE tem quebra de série em 2022. As definições censitárias são próprias de cada edição.,sidra_10201_2022,False,"{""2072"": ""77585"", ""133"": ""95278""}","{""2072"": ""Sim"", ""133"": ""Total""}",
sidra_10201_v13436_c2072_77586,Moradores com 10 anos ou mais de idade em domicílios particulares permanentes ocupados,IBGE — Censo Demográfico,"https://apisidra.ibge.gov.br/values/t/10201/n6/all/v/13436,1013436/p/2022/c2072/77584,77585,77586/c133/95278/u/y",2022,Pessoas,Município,"Valor publicado pelo SIDRA, sem cálculo adicional.",Conexão domiciliar à internet entre moradores de 10 anos ou mais; religião no total. Apenas ano de referência; sem interpolação. CEMPRE tem quebra de série em 2022. As definições censitárias são próprias de cada edição.,sidra_10201_2022,False,"{""2072"": ""77586"", ""133"": ""95278""}","{""2072"": ""Não"", ""133"": ""Total""}",
sidra_10201_v1013436_c2072_77584,Moradores com 10 anos ou mais de idade em domicílios particulares permanentes ocupados - percentual do total geral,IBGE — Censo Demográfico,"https://apisidra.ibge.gov.br/values/t/10201/n6/all/v/13436,1013436/p/2022/c2072/77584,77585,77586/c133/95278/u/y",2022,Percentual,Município,"Valor publicado pelo SIDRA, sem cálculo adicional.",Conexão domiciliar à internet entre moradores de 10 anos ou mais; religião no total. Apenas ano de referência; sem interpolação. CEMPRE tem quebra de série em 2022. As definições censitárias são próprias de cada edição.,sidra_10201_2022,False,"{""2072"": ""77584"", ""133"": ""95278""}","{""2072"": ""Total"", ""133"": ""Total""}",
sidra_10201_v1013436_c2072_77585,Moradores com 10 anos ou mais de idade em domicílios particulares permanentes ocupados - percentual do total geral,IBGE — Censo Demográfico,"https://apisidra.ibge.gov.br/values/t/10201/n6/all/v/13436,1013436/p/2022/c2072/77584,77585,77586/c133/95278/u/y",2022,Percentual,Município,"Valor publicado pelo SIDRA, sem cálculo adicional.",Conexão domiciliar à internet entre moradores de 10 anos ou mais; religião no total. Apenas ano de referência; sem interpolação. CEMPRE tem quebra de série em 2022. As definições censitárias são próprias de cada edição.,sidra_10201_2022,False,"{""2072"": ""77585"", ""133"": ""95278""}","{""2072"": ""Sim"", ""133"": ""Total""}",
sidra_10201_v1013436_c2072_77586,Moradores com 10 anos ou mais de idade em domicílios particulares permanentes ocupados - percentual do total geral,IBGE — Censo Demográfico,"https://apisidra.ibge.gov.br/values/t/10201/n6/all/v/13436,1013436/p/2022/c2072/77584,77585,77586/c133/95278/u/y",2022,Percentual,Município,"Valor publicado pelo SIDRA, sem cálculo adicional.",Conexão domiciliar à internet entre moradores de 10 anos ou mais; religião no total. Apenas ano de referência; sem interpolação. CEMPRE tem quebra de série em 2022. As definições censitárias são próprias de cada edição.,sidra_10201_2022,False,"{""2072"": ""77586"", ""133"": ""95278""}","{""2072"": ""Não"", ""133"": ""Total""}",
cempre_unidades_locais_ate2021,Número de unidades locais,IBGE — Cadastro Central de Empresas,"https://apisidra.ibge.gov.br/values/t/1685/n6/all/v/706,707,708,662,1606/p/2010/u/y",2010,Unidades,Município,"Valor publicado pelo SIDRA, sem cálculo adicional.",Estrutura empresarial e emprego formal local; série CEMPRE até 2021. Apenas ano de referência; sem interpolação. CEMPRE tem quebra de série em 2022. As definições censitárias são próprias de cada edição.,sidra_1685_2010,False,{},{},
cempre_pessoal_ocupado_ate2021,Pessoal ocupado total,IBGE — Cadastro Central de Empresas,"https://apisidra.ibge.gov.br/values/t/1685/n6/all/v/706,707,708,662,1606/p/2010/u/y",2010,Pessoas,Município,"Valor publicado pelo SIDRA, sem cálculo adicional.",Estrutura empresarial e emprego formal local; série CEMPRE até 2021. Apenas ano de referência; sem interpolação. CEMPRE tem quebra de série em 2022. As definições censitárias são próprias de cada edição.,sidra_1685_2010,False,{},{},
cempre_pessoal_assalariado_ate2021,Pessoal ocupado assalariado,IBGE — Cadastro Central de Empresas,"https://apisidra.ibge.gov.br/values/t/1685/n6/all/v/706,707,708,662,1606/p/2010/u/y",2010,Pessoas,Município,"Valor publicado pelo SIDRA, sem cálculo adicional.",Estrutura empresarial e emprego formal local; série CEMPRE até 2021. Apenas ano de referência; sem interpolação. CEMPRE tem quebra de série em 2022. As definições censitárias são próprias de cada edição.,sidra_1685_2010,False,{},{},
cempre_remuneracoes_mil_reais_ate2021,Salários e outras remunerações,IBGE — Cadastro Central de Empresas,"https://apisidra.ibge.gov.br/values/t/1685/n6/all/v/706,707,708,662,1606/p/2010/u/y",2010,Mil Reais,Município,"Valor publicado pelo SIDRA, sem cálculo adicional.",Estrutura empresarial e emprego formal local; série CEMPRE até 2021. Apenas ano de referência; sem interpolação. CEMPRE tem quebra de série em 2022. As definições censitárias são próprias de cada edição.,sidra_1685_2010,False,{},{},
cempre_salario_medio_salarios_minimos_ate2021,Salário médio mensal,IBGE — Cadastro Central de Empresas,"https://apisidra.ibge.gov.br/values/t/1685/n6/all/v/706,707,708,662,1606/p/2010/u/y",2010,Salários mínimos,Município,"Valor publicado pelo SIDRA, sem cálculo adicional.",Estrutura empresarial e emprego formal local; série CEMPRE até 2021. Apenas ano de referência; sem interpolação. CEMPRE tem quebra de série em 2022. As definições censitárias são próprias de cada edição.,sidra_1685_2010,False,{},{},
cempre_unidades_locais_ate2021,Número de unidades locais,IBGE — Cadastro Central de Empresas,"https://apisidra.ibge.gov.br/values/t/1685/n6/all/v/706,707,708,662,1606/p/2011/u/y",2011,Unidades,Município,"Valor publicado pelo SIDRA, sem cálculo adicional.",Estrutura empresarial e emprego formal local; série CEMPRE até 2021. Apenas ano de referência; sem interpolação. CEMPRE tem quebra de série em 2022. As definições censitárias são próprias de cada edição.,sidra_1685_2011,False,{},{},
cempre_pessoal_ocupado_ate2021,Pessoal ocupado total,IBGE — Cadastro Central de Empresas,"https://apisidra.ibge.gov.br/values/t/1685/n6/all/v/706,707,708,662,1606/p/2011/u/y",2011,Pessoas,Município,"Valor publicado pelo SIDRA, sem cálculo adicional.",Estrutura empresarial e emprego formal local; série CEMPRE até 2021. Apenas ano de referência; sem interpolação. CEMPRE tem quebra de série em 2022. As definições censitárias são próprias de cada edição.,sidra_1685_2011,False,{},{},
cempre_pessoal_assalariado_ate2021,Pessoal ocupado assalariado,IBGE — Cadastro Central de Empresas,"https://apisidra.ibge.gov.br/values/t/1685/n6/all/v/706,707,708,662,1606/p/2011/u/y",2011,Pessoas,Município,"Valor publicado pelo SIDRA, sem cálculo adicional.",Estrutura empresarial e emprego formal local; série CEMPRE até 2021. Apenas ano de referência; sem interpolação. CEMPRE tem quebra de série em 2022. As definições censitárias são próprias de cada edição.,sidra_1685_2011,False,{},{},
cempre_remuneracoes_mil_reais_ate2021,Salários e outras remunerações,IBGE — Cadastro Central de Empresas,"https://apisidra.ibge.gov.br/values/t/1685/n6/all/v/706,707,708,662,1606/p/2011/u/y",2011,Mil Reais,Município,"Valor publicado pelo SIDRA, sem cálculo adicional.",Estrutura empresarial e emprego formal local; série CEMPRE até 2021. Apenas ano de referência; sem interpolação. CEMPRE tem quebra de série em 2022. As definições censitárias são próprias de cada edição.,sidra_1685_2011,False,{},{},
cempre_salario_medio_salarios_minimos_ate2021,Salário médio mensal,IBGE — Cadastro Central de Empresas,"https://apisidra.ibge.gov.br/values/t/1685/n6/all/v/706,707,708,662,1606/p/2011/u/y",2011,Salários mínimos,Município,"Valor publicado pelo SIDRA, sem cálculo adicional.",Estrutura empresarial e emprego formal local; série CEMPRE até 2021. Apenas ano de referência; sem interpolação. CEMPRE tem quebra de série em 2022. As definições censitárias são próprias de cada edição.,sidra_1685_2011,False,{},{},
cempre_unidades_locais_ate2021,Número de unidades locais,IBGE — Cadastro Central de Empresas,"https://apisidra.ibge.gov.br/values/t/1685/n6/all/v/706,707,708,662,1606/p/2012/u/y",2012,Unidades,Município,"Valor publicado pelo SIDRA, sem cálculo adicional.",Estrutura empresarial e emprego formal local; série CEMPRE até 2021. Apenas ano de referência; sem interpolação. CEMPRE tem quebra de série em 2022. As definições censitárias são próprias de cada edição.,sidra_1685_2012,False,{},{},
cempre_pessoal_ocupado_ate2021,Pessoal ocupado total,IBGE — Cadastro Central de Empresas,"https://apisidra.ibge.gov.br/values/t/1685/n6/all/v/706,707,708,662,1606/p/2012/u/y",2012,Pessoas,Município,"Valor publicado pelo SIDRA, sem cálculo adicional.",Estrutura empresarial e emprego formal local; série CEMPRE até 2021. Apenas ano de referência; sem interpolação. CEMPRE tem quebra de série em 2022. As definições censitárias são próprias de cada edição.,sidra_1685_2012,False,{},{},
cempre_pessoal_assalariado_ate2021,Pessoal ocupado assalariado,IBGE — Cadastro Central de Empresas,"https://apisidra.ibge.gov.br/values/t/1685/n6/all/v/706,707,708,662,1606/p/2012/u/y",2012,Pessoas,Município,"Valor publicado pelo SIDRA, sem cálculo adicional.",Estrutura empresarial e emprego formal local; série CEMPRE até 2021. Apenas ano de referência; sem interpolação. CEMPRE tem quebra de série em 2022. As definições censitárias são próprias de cada edição.,sidra_1685_2012,False,{},{},
cempre_remuneracoes_mil_reais_ate2021,Salários e outras remunerações,IBGE — Cadastro Central de Empresas,"https://apisidra.ibge.gov.br/values/t/1685/n6/all/v/706,707,708,662,1606/p/2012/u/y",2012,Mil Reais,Município,"Valor publicado pelo SIDRA, sem cálculo adicional.",Estrutura empresarial e emprego formal local; série CEMPRE até 2021. Apenas ano de referência; sem interpolação. CEMPRE tem quebra de série em 2022. As definições censitárias são próprias de cada edição.,sidra_1685_2012,False,{},{},
cempre_salario_medio_salarios_minimos_ate2021,Salário médio mensal,IBGE — Cadastro Central de Empresas,"https://apisidra.ibge.gov.br/values/t/1685/n6/all/v/706,707,708,662,1606/p/2012/u/y",2012,Salários mínimos,Município,"Valor publicado pelo SIDRA, sem cálculo adicional.",Estrutura empresarial e emprego formal local; série CEMPRE até 2021. Apenas ano de referência; sem interpolação. CEMPRE tem quebra de série em 2022. As definições censitárias são próprias de cada edição.,sidra_1685_2012,False,{},{},
cempre_unidades_locais_ate2021,Número de unidades locais,IBGE — Cadastro Central de Empresas,"https://apisidra.ibge.gov.br/values/t/1685/n6/all/v/706,707,708,662,1606/p/2013/u/y",2013,Unidades,Município,"Valor publicado pelo SIDRA, sem cálculo adicional.",Estrutura empresarial e emprego formal local; série CEMPRE até 2021. Apenas ano de referência; sem interpolação. CEMPRE tem quebra de série em 2022. As definições censitárias são próprias de cada edição.,sidra_1685_2013,False,{},{},
cempre_pessoal_ocupado_ate2021,Pessoal ocupado total,IBGE — Cadastro Central de Empresas,"https://apisidra.ibge.gov.br/values/t/1685/n6/all/v/706,707,708,662,1606/p/2013/u/y",2013,Pessoas,Município,"Valor publicado pelo SIDRA, sem cálculo adicional.",Estrutura empresarial e emprego formal local; série CEMPRE até 2021. Apenas ano de referência; sem interpolação. CEMPRE tem quebra de série em 2022. As definições censitárias são próprias de cada edição.,sidra_1685_2013,False,{},{},
cempre_pessoal_assalariado_ate2021,Pessoal ocupado assalariado,IBGE — Cadastro Central de Empresas,"https://apisidra.ibge.gov.br/values/t/1685/n6/all/v/706,707,708,662,1606/p/2013/u/y",2013,Pessoas,Município,"Valor publicado pelo SIDRA, sem cálculo adicional.",Estrutura empresarial e emprego formal local; série CEMPRE até 2021. Apenas ano de referência; sem interpolação. CEMPRE tem quebra de série em 2022. As definições censitárias são próprias de cada edição.,sidra_1685_2013,False,{},{},
cempre_remuneracoes_mil_reais_ate2021,Salários e outras remunerações,IBGE — Cadastro Central de Empresas,"https://apisidra.ibge.gov.br/values/t/1685/n6/all/v/706,707,708,662,1606/p/2013/u/y",2013,Mil Reais,Município,"Valor publicado pelo SIDRA, sem cálculo adicional.",Estrutura empresarial e emprego formal local; série CEMPRE até 2021. Apenas ano de referência; sem interpolação. CEMPRE tem quebra de série em 2022. As definições censitárias são próprias de cada edição.,sidra_1685_2013,False,{},{},
cempre_salario_medio_salarios_minimos_ate2021,Salário médio mensal,IBGE — Cadastro Central de Empresas,"https://apisidra.ibge.gov.br/values/t/1685/n6/all/v/706,707,708,662,1606/p/2013/u/y",2013,Salários mínimos,Município,"Valor publicado pelo SIDRA, sem cálculo adicional.",Estrutura empresarial e emprego formal local; série CEMPRE até 2021. Apenas ano de referência; sem interpolação. CEMPRE tem quebra de série em 2022. As definições censitárias são próprias de cada edição.,sidra_1685_2013,False,{},{},
cempre_unidades_locais_ate2021,Número de unidades locais,IBGE — Cadastro Central de Empresas,"https://apisidra.ibge.gov.br/values/t/1685/n6/all/v/706,707,708,662,1606/p/2014/u/y",2014,Unidades,Município,"Valor publicado pelo SIDRA, sem cálculo adicional.",Estrutura empresarial e emprego formal local; série CEMPRE até 2021. Apenas ano de referência; sem interpolação. CEMPRE tem quebra de série em 2022. As definições censitárias são próprias de cada edição.,sidra_1685_2014,False,{},{},
cempre_pessoal_ocupado_ate2021,Pessoal ocupado total,IBGE — Cadastro Central de Empresas,"https://apisidra.ibge.gov.br/values/t/1685/n6/all/v/706,707,708,662,1606/p/2014/u/y",2014,Pessoas,Município,"Valor publicado pelo SIDRA, sem cálculo adicional.",Estrutura empresarial e emprego formal local; série CEMPRE até 2021. Apenas ano de referência; sem interpolação. CEMPRE tem quebra de série em 2022. As definições censitárias são próprias de cada edição.,sidra_1685_2014,False,{},{},
cempre_pessoal_assalariado_ate2021,Pessoal ocupado assalariado,IBGE — Cadastro Central de Empresas,"https://apisidra.ibge.gov.br/values/t/1685/n6/all/v/706,707,708,662,1606/p/2014/u/y",2014,Pessoas,Município,"Valor publicado pelo SIDRA, sem cálculo adicional.",Estrutura empresarial e emprego formal local; série CEMPRE até 2021. Apenas ano de referência; sem interpolação. CEMPRE tem quebra de série em 2022. As definições censitárias são próprias de cada edição.,sidra_1685_2014,False,{},{},
cempre_remuneracoes_mil_reais_ate2021,Salários e outras remunerações,IBGE — Cadastro Central de Empresas,"https://apisidra.ibge.gov.br/values/t/1685/n6/all/v/706,707,708,662,1606/p/2014/u/y",2014,Mil Reais,Município,"Valor publicado pelo SIDRA, sem cálculo adicional.",Estrutura empresarial e emprego formal local; série CEMPRE até 2021. Apenas ano de referência; sem interpolação. CEMPRE tem quebra de série em 2022. As definições censitárias são próprias de cada edição.,sidra_1685_2014,False,{},{},
cempre_salario_medio_salarios_minimos_ate2021,Salário médio mensal,IBGE — Cadastro Central de Empresas,"https://apisidra.ibge.gov.br/values/t/1685/n6/all/v/706,707,708,662,1606/p/2014/u/y",2014,Salários mínimos,Município,"Valor publicado pelo SIDRA, sem cálculo adicional.",Estrutura empresarial e emprego formal local; série CEMPRE até 2021. Apenas ano de referência; sem interpolação. CEMPRE tem quebra de série em 2022. As definições censitárias são próprias de cada edição.,sidra_1685_2014,False,{},{},
cempre_unidades_locais_ate2021,Número de unidades locais,IBGE — Cadastro Central de Empresas,"https://apisidra.ibge.gov.br/values/t/1685/n6/all/v/706,707,708,662,1606/p/2015/u/y",2015,Unidades,Município,"Valor publicado pelo SIDRA, sem cálculo adicional.",Estrutura empresarial e emprego formal local; série CEMPRE até 2021. Apenas ano de referência; sem interpolação. CEMPRE tem quebra de série em 2022. As definições censitárias são próprias de cada edição.,sidra_1685_2015,False,{},{},
cempre_pessoal_ocupado_ate2021,Pessoal ocupado total,IBGE — Cadastro Central de Empresas,"https://apisidra.ibge.gov.br/values/t/1685/n6/all/v/706,707,708,662,1606/p/2015/u/y",2015,Pessoas,Município,"Valor publicado pelo SIDRA, sem cálculo adicional.",Estrutura empresarial e emprego formal local; série CEMPRE até 2021. Apenas ano de referência; sem interpolação. CEMPRE tem quebra de série em 2022. As definições censitárias são próprias de cada edição.,sidra_1685_2015,False,{},{},
cempre_pessoal_assalariado_ate2021,Pessoal ocupado assalariado,IBGE — Cadastro Central de Empresas,"https://apisidra.ibge.gov.br/values/t/1685/n6/all/v/706,707,708,662,1606/p/2015/u/y",2015,Pessoas,Município,"Valor publicado pelo SIDRA, sem cálculo adicional.",Estrutura empresarial e emprego formal local; série CEMPRE até 2021. Apenas ano de referência; sem interpolação. CEMPRE tem quebra de série em 2022. As definições censitárias são próprias de cada edição.,sidra_1685_2015,False,{},{},
cempre_remuneracoes_mil_reais_ate2021,Salários e outras remunerações,IBGE — Cadastro Central de Empresas,"https://apisidra.ibge.gov.br/values/t/1685/n6/all/v/706,707,708,662,1606/p/2015/u/y",2015,Mil Reais,Município,"Valor publicado pelo SIDRA, sem cálculo adicional.",Estrutura empresarial e emprego formal local; série CEMPRE até 2021. Apenas ano de referência; sem interpolação. CEMPRE tem quebra de série em 2022. As definições censitárias são próprias de cada edição.,sidra_1685_2015,False,{},{},
cempre_salario_medio_salarios_minimos_ate2021,Salário médio mensal,IBGE — Cadastro Central de Empresas,"https://apisidra.ibge.gov.br/values/t/1685/n6/all/v/706,707,708,662,1606/p/2015/u/y",2015,Salários mínimos,Município,"Valor publicado pelo SIDRA, sem cálculo adicional.",Estrutura empresarial e emprego formal local; série CEMPRE até 2021. Apenas ano de referência; sem interpolação. CEMPRE tem quebra de série em 2022. As definições censitárias são próprias de cada edição.,sidra_1685_2015,False,{},{},
cempre_unidades_locais_ate2021,Número de unidades locais,IBGE — Cadastro Central de Empresas,"https://apisidra.ibge.gov.br/values/t/1685/n6/all/v/706,707,708,662,1606/p/2016/u/y",2016,Unidades,Município,"Valor publicado pelo SIDRA, sem cálculo adicional.",Estrutura empresarial e emprego formal local; série CEMPRE até 2021. Apenas ano de referência; sem interpolação. CEMPRE tem quebra de série em 2022. As definições censitárias são próprias de cada edição.,sidra_1685_2016,False,{},{},
cempre_pessoal_ocupado_ate2021,Pessoal ocupado total,IBGE — Cadastro Central de Empresas,"https://apisidra.ibge.gov.br/values/t/1685/n6/all/v/706,707,708,662,1606/p/2016/u/y",2016,Pessoas,Município,"Valor publicado pelo SIDRA, sem cálculo adicional.",Estrutura empresarial e emprego formal local; série CEMPRE até 2021. Apenas ano de referência; sem interpolação. CEMPRE tem quebra de série em 2022. As definições censitárias são próprias de cada edição.,sidra_1685_2016,False,{},{},
cempre_pessoal_assalariado_ate2021,Pessoal ocupado assalariado,IBGE — Cadastro Central de Empresas,"https://apisidra.ibge.gov.br/values/t/1685/n6/all/v/706,707,708,662,1606/p/2016/u/y",2016,Pessoas,Município,"Valor publicado pelo SIDRA, sem cálculo adicional.",Estrutura empresarial e emprego formal local; série CEMPRE até 2021. Apenas ano de referência; sem interpolação. CEMPRE tem quebra de série em 2022. As definições censitárias são próprias de cada edição.,sidra_1685_2016,False,{},{},
cempre_remuneracoes_mil_reais_ate2021,Salários e outras remunerações,IBGE — Cadastro Central de Empresas,"https://apisidra.ibge.gov.br/values/t/1685/n6/all/v/706,707,708,662,1606/p/2016/u/y",2016,Mil Reais,Município,"Valor publicado pelo SIDRA, sem cálculo adicional.",Estrutura empresarial e emprego formal local; série CEMPRE até 2021. Apenas ano de referência; sem interpolação. CEMPRE tem quebra de série em 2022. As definições censitárias são próprias de cada edição.,sidra_1685_2016,False,{},{},
cempre_salario_medio_salarios_minimos_ate2021,Salário médio mensal,IBGE — Cadastro Central de Empresas,"https://apisidra.ibge.gov.br/values/t/1685/n6/all/v/706,707,708,662,1606/p/2016/u/y",2016,Salários mínimos,Município,"Valor publicado pelo SIDRA, sem cálculo adicional.",Estrutura empresarial e emprego formal local; série CEMPRE até 2021. Apenas ano de referência; sem interpolação. CEMPRE tem quebra de série em 2022. As definições censitárias são próprias de cada edição.,sidra_1685_2016,False,{},{},
cempre_unidades_locais_ate2021,Número de unidades locais,IBGE — Cadastro Central de Empresas,"https://apisidra.ibge.gov.br/values/t/1685/n6/all/v/706,707,708,662,1606/p/2017/u/y",2017,Unidades,Município,"Valor publicado pelo SIDRA, sem cálculo adicional.",Estrutura empresarial e emprego formal local; série CEMPRE até 2021. Apenas ano de referência; sem interpolação. CEMPRE tem quebra de série em 2022. As definições censitárias são próprias de cada edição.,sidra_1685_2017,False,{},{},
cempre_pessoal_ocupado_ate2021,Pessoal ocupado total,IBGE — Cadastro Central de Empresas,"https://apisidra.ibge.gov.br/values/t/1685/n6/all/v/706,707,708,662,1606/p/2017/u/y",2017,Pessoas,Município,"Valor publicado pelo SIDRA, sem cálculo adicional.",Estrutura empresarial e emprego formal local; série CEMPRE até 2021. Apenas ano de referência; sem interpolação. CEMPRE tem quebra de série em 2022. As definições censitárias são próprias de cada edição.,sidra_1685_2017,False,{},{},
cempre_pessoal_assalariado_ate2021,Pessoal ocupado assalariado,IBGE — Cadastro Central de Empresas,"https://apisidra.ibge.gov.br/values/t/1685/n6/all/v/706,707,708,662,1606/p/2017/u/y",2017,Pessoas,Município,"Valor publicado pelo SIDRA, sem cálculo adicional.",Estrutura empresarial e emprego formal local; série CEMPRE até 2021. Apenas ano de referência; sem interpolação. CEMPRE tem quebra de série em 2022. As definições censitárias são próprias de cada edição.,sidra_1685_2017,False,{},{},
cempre_remuneracoes_mil_reais_ate2021,Salários e outras remunerações,IBGE — Cadastro Central de Empresas,"https://apisidra.ibge.gov.br/values/t/1685/n6/all/v/706,707,708,662,1606/p/2017/u/y",2017,Mil Reais,Município,"Valor publicado pelo SIDRA, sem cálculo adicional.",Estrutura empresarial e emprego formal local; série CEMPRE até 2021. Apenas ano de referência; sem interpolação. CEMPRE tem quebra de série em 2022. As definições censitárias são próprias de cada edição.,sidra_1685_2017,False,{},{},
cempre_salario_medio_salarios_minimos_ate2021,Salário médio mensal,IBGE — Cadastro Central de Empresas,"https://apisidra.ibge.gov.br/values/t/1685/n6/all/v/706,707,708,662,1606/p/2017/u/y",2017,Salários mínimos,Município,"Valor publicado pelo SIDRA, sem cálculo adicional.",Estrutura empresarial e emprego formal local; série CEMPRE até 2021. Apenas ano de referência; sem interpolação. CEMPRE tem quebra de série em 2022. As definições censitárias são próprias de cada edição.,sidra_1685_2017,False,{},{},
cempre_unidades_locais_ate2021,Número de unidades locais,IBGE — Cadastro Central de Empresas,"https://apisidra.ibge.gov.br/values/t/1685/n6/all/v/706,707,708,662,1606/p/2018/u/y",2018,Unidades,Município,"Valor publicado pelo SIDRA, sem cálculo adicional.",Estrutura empresarial e emprego formal local; série CEMPRE até 2021. Apenas ano de referência; sem interpolação. CEMPRE tem quebra de série em 2022. As definições censitárias são próprias de cada edição.,sidra_1685_2018,False,{},{},
cempre_pessoal_ocupado_ate2021,Pessoal ocupado total,IBGE — Cadastro Central de Empresas,"https://apisidra.ibge.gov.br/values/t/1685/n6/all/v/706,707,708,662,1606/p/2018/u/y",2018,Pessoas,Município,"Valor publicado pelo SIDRA, sem cálculo adicional.",Estrutura empresarial e emprego formal local; série CEMPRE até 2021. Apenas ano de referência; sem interpolação. CEMPRE tem quebra de série em 2022. As definições censitárias são próprias de cada edição.,sidra_1685_2018,False,{},{},
cempre_pessoal_assalariado_ate2021,Pessoal ocupado assalariado,IBGE — Cadastro Central de Empresas,"https://apisidra.ibge.gov.br/values/t/1685/n6/all/v/706,707,708,662,1606/p/2018/u/y",2018,Pessoas,Município,"Valor publicado pelo SIDRA, sem cálculo adicional.",Estrutura empresarial e emprego formal local; série CEMPRE até 2021. Apenas ano de referência; sem interpolação. CEMPRE tem quebra de série em 2022. As definições censitárias são próprias de cada edição.,sidra_1685_2018,False,{},{},
cempre_remuneracoes_mil_reais_ate2021,Salários e outras remunerações,IBGE — Cadastro Central de Empresas,"https://apisidra.ibge.gov.br/values/t/1685/n6/all/v/706,707,708,662,1606/p/2018/u/y",2018,Mil Reais,Município,"Valor publicado pelo SIDRA, sem cálculo adicional.",Estrutura empresarial e emprego formal local; série CEMPRE até 2021. Apenas ano de referência; sem interpolação. CEMPRE tem quebra de série em 2022. As definições censitárias são próprias de cada edição.,sidra_1685_2018,False,{},{},
cempre_salario_medio_salarios_minimos_ate2021,Salário médio mensal,IBGE — Cadastro Central de Empresas,"https://apisidra.ibge.gov.br/values/t/1685/n6/all/v/706,707,708,662,1606/p/2018/u/y",2018,Salários mínimos,Município,"Valor publicado pelo SIDRA, sem cálculo adicional.",Estrutura empresarial e emprego formal local; série CEMPRE até 2021. Apenas ano de referência; sem interpolação. CEMPRE tem quebra de série em 2022. As definições censitárias são próprias de cada edição.,sidra_1685_2018,False,{},{},
cempre_unidades_locais_ate2021,Número de unidades locais,IBGE — Cadastro Central de Empresas,"https://apisidra.ibge.gov.br/values/t/1685/n6/all/v/706,707,708,662,1606/p/2019/u/y",2019,Unidades,Município,"Valor publicado pelo SIDRA, sem cálculo adicional.",Estrutura empresarial e emprego formal local; série CEMPRE até 2021. Apenas ano de referência; sem interpolação. CEMPRE tem quebra de série em 2022. As definições censitárias são próprias de cada edição.,sidra_1685_2019,False,{},{},
cempre_pessoal_ocupado_ate2021,Pessoal ocupado total,IBGE — Cadastro Central de Empresas,"https://apisidra.ibge.gov.br/values/t/1685/n6/all/v/706,707,708,662,1606/p/2019/u/y",2019,Pessoas,Município,"Valor publicado pelo SIDRA, sem cálculo adicional.",Estrutura empresarial e emprego formal local; série CEMPRE até 2021. Apenas ano de referência; sem interpolação. CEMPRE tem quebra de série em 2022. As definições censitárias são próprias de cada edição.,sidra_1685_2019,False,{},{},
cempre_pessoal_assalariado_ate2021,Pessoal ocupado assalariado,IBGE — Cadastro Central de Empresas,"https://apisidra.ibge.gov.br/values/t/1685/n6/all/v/706,707,708,662,1606/p/2019/u/y",2019,Pessoas,Município,"Valor publicado pelo SIDRA, sem cálculo adicional.",Estrutura empresarial e emprego formal local; série CEMPRE até 2021. Apenas ano de referência; sem interpolação. CEMPRE tem quebra de série em 2022. As definições censitárias são próprias de cada edição.,sidra_1685_2019,False,{},{},
cempre_remuneracoes_mil_reais_ate2021,Salários e outras remunerações,IBGE — Cadastro Central de Empresas,"https://apisidra.ibge.gov.br/values/t/1685/n6/all/v/706,707,708,662,1606/p/2019/u/y",2019,Mil Reais,Município,"Valor publicado pelo SIDRA, sem cálculo adicional.",Estrutura empresarial e emprego formal local; série CEMPRE até 2021. Apenas ano de referência; sem interpolação. CEMPRE tem quebra de série em 2022. As definições censitárias são próprias de cada edição.,sidra_1685_2019,False,{},{},
cempre_salario_medio_salarios_minimos_ate2021,Salário médio mensal,IBGE — Cadastro Central de Empresas,"https://apisidra.ibge.gov.br/values/t/1685/n6/all/v/706,707,708,662,1606/p/2019/u/y",2019,Salários mínimos,Município,"Valor publicado pelo SIDRA, sem cálculo adicional.",Estrutura empresarial e emprego formal local; série CEMPRE até 2021. Apenas ano de referência; sem interpolação. CEMPRE tem quebra de série em 2022. As definições censitárias são próprias de cada edição.,sidra_1685_2019,False,{},{},
cempre_unidades_locais_ate2021,Número de unidades locais,IBGE — Cadastro Central de Empresas,"https://apisidra.ibge.gov.br/values/t/1685/n6/all/v/706,707,708,662,1606/p/2020/u/y",2020,Unidades,Município,"Valor publicado pelo SIDRA, sem cálculo adicional.",Estrutura empresarial e emprego formal local; série CEMPRE até 2021. Apenas ano de referência; sem interpolação. CEMPRE tem quebra de série em 2022. As definições censitárias são próprias de cada edição.,sidra_1685_2020,False,{},{},
cempre_pessoal_ocupado_ate2021,Pessoal ocupado total,IBGE — Cadastro Central de Empresas,"https://apisidra.ibge.gov.br/values/t/1685/n6/all/v/706,707,708,662,1606/p/2020/u/y",2020,Pessoas,Município,"Valor publicado pelo SIDRA, sem cálculo adicional.",Estrutura empresarial e emprego formal local; série CEMPRE até 2021. Apenas ano de referência; sem interpolação. CEMPRE tem quebra de série em 2022. As definições censitárias são próprias de cada edição.,sidra_1685_2020,False,{},{},
cempre_pessoal_assalariado_ate2021,Pessoal ocupado assalariado,IBGE — Cadastro Central de Empresas,"https://apisidra.ibge.gov.br/values/t/1685/n6/all/v/706,707,708,662,1606/p/2020/u/y",2020,Pessoas,Município,"Valor publicado pelo SIDRA, sem cálculo adicional.",Estrutura empresarial e emprego formal local; série CEMPRE até 2021. Apenas ano de referência; sem interpolação. CEMPRE tem quebra de série em 2022. As definições censitárias são próprias de cada edição.,sidra_1685_2020,False,{},{},
cempre_remuneracoes_mil_reais_ate2021,Salários e outras remunerações,IBGE — Cadastro Central de Empresas,"https://apisidra.ibge.gov.br/values/t/1685/n6/all/v/706,707,708,662,1606/p/2020/u/y",2020,Mil Reais,Município,"Valor publicado pelo SIDRA, sem cálculo adicional.",Estrutura empresarial e emprego formal local; série CEMPRE até 2021. Apenas ano de referência; sem interpolação. CEMPRE tem quebra de série em 2022. As definições censitárias são próprias de cada edição.,sidra_1685_2020,False,{},{},
cempre_salario_medio_salarios_minimos_ate2021,Salário médio mensal,IBGE — Cadastro Central de Empresas,"https://apisidra.ibge.gov.br/values/t/1685/n6/all/v/706,707,708,662,1606/p/2020/u/y",2020,Salários mínimos,Município,"Valor publicado pelo SIDRA, sem cálculo adicional.",Estrutura empresarial e emprego formal local; série CEMPRE até 2021. Apenas ano de referência; sem interpolação. CEMPRE tem quebra de série em 2022. As definições censitárias são próprias de cada edição.,sidra_1685_2020,False,{},{},
cempre_unidades_locais_ate2021,Número de unidades locais,IBGE — Cadastro Central de Empresas,"https://apisidra.ibge.gov.br/values/t/1685/n6/all/v/706,707,708,662,1606/p/2021/u/y",2021,Unidades,Município,"Valor publicado pelo SIDRA, sem cálculo adicional.",Estrutura empresarial e emprego formal local; série CEMPRE até 2021. Apenas ano de referência; sem interpolação. CEMPRE tem quebra de série em 2022. As definições censitárias são próprias de cada edição.,sidra_1685_2021,False,{},{},
cempre_pessoal_ocupado_ate2021,Pessoal ocupado total,IBGE — Cadastro Central de Empresas,"https://apisidra.ibge.gov.br/values/t/1685/n6/all/v/706,707,708,662,1606/p/2021/u/y",2021,Pessoas,Município,"Valor publicado pelo SIDRA, sem cálculo adicional.",Estrutura empresarial e emprego formal local; série CEMPRE até 2021. Apenas ano de referência; sem interpolação. CEMPRE tem quebra de série em 2022. As definições censitárias são próprias de cada edição.,sidra_1685_2021,False,{},{},
cempre_pessoal_assalariado_ate2021,Pessoal ocupado assalariado,IBGE — Cadastro Central de Empresas,"https://apisidra.ibge.gov.br/values/t/1685/n6/all/v/706,707,708,662,1606/p/2021/u/y",2021,Pessoas,Município,"Valor publicado pelo SIDRA, sem cálculo adicional.",Estrutura empresarial e emprego formal local; série CEMPRE até 2021. Apenas ano de referência; sem interpolação. CEMPRE tem quebra de série em 2022. As definições censitárias são próprias de cada edição.,sidra_1685_2021,False,{},{},
cempre_remuneracoes_mil_reais_ate2021,Salários e outras remunerações,IBGE — Cadastro Central de Empresas,"https://apisidra.ibge.gov.br/values/t/1685/n6/all/v/706,707,708,662,1606/p/2021/u/y",2021,Mil Reais,Município,"Valor publicado pelo SIDRA, sem cálculo adicional.",Estrutura empresarial e emprego formal local; série CEMPRE até 2021. Apenas ano de referência; sem interpolação. CEMPRE tem quebra de série em 2022. As definições censitárias são próprias de cada edição.,sidra_1685_2021,False,{},{},
cempre_salario_medio_salarios_minimos_ate2021,Salário médio mensal,IBGE — Cadastro Central de Empresas,"https://apisidra.ibge.gov.br/values/t/1685/n6/all/v/706,707,708,662,1606/p/2021/u/y",2021,Salários mínimos,Município,"Valor publicado pelo SIDRA, sem cálculo adicional.",Estrutura empresarial e emprego formal local; série CEMPRE até 2021. Apenas ano de referência; sem interpolação. CEMPRE tem quebra de série em 2022. As definições censitárias são próprias de cada edição.,sidra_1685_2021,False,{},{},
cempre_unidades_locais_desde2022,Número de unidades locais,IBGE — Cadastro Central de Empresas,"https://apisidra.ibge.gov.br/values/t/9528/n6/all/v/706,707,708,662/p/2022/c12762/117897/u/y",2022,Unidades,Município,"Valor publicado pelo SIDRA, sem cálculo adicional.",CEMPRE nova série desde 2022; manter quebra metodológica explícita. Apenas ano de referência; sem interpolação. CEMPRE tem quebra de série em 2022. As definições censitárias são próprias de cada edição.,sidra_9528_2022,False,"{""12762"": ""117897""}","{""12762"": ""Total""}",
cempre_pessoal_ocupado_desde2022,Pessoal ocupado total,IBGE — Cadastro Central de Empresas,"https://apisidra.ibge.gov.br/values/t/9528/n6/all/v/706,707,708,662/p/2022/c12762/117897/u/y",2022,Pessoas,Município,"Valor publicado pelo SIDRA, sem cálculo adicional.",CEMPRE nova série desde 2022; manter quebra metodológica explícita. Apenas ano de referência; sem interpolação. CEMPRE tem quebra de série em 2022. As definições censitárias são próprias de cada edição.,sidra_9528_2022,False,"{""12762"": ""117897""}","{""12762"": ""Total""}",
cempre_pessoal_assalariado_desde2022,Pessoal ocupado assalariado,IBGE — Cadastro Central de Empresas,"https://apisidra.ibge.gov.br/values/t/9528/n6/all/v/706,707,708,662/p/2022/c12762/117897/u/y",2022,Pessoas,Município,"Valor publicado pelo SIDRA, sem cálculo adicional.",CEMPRE nova série desde 2022; manter quebra metodológica explícita. Apenas ano de referência; sem interpolação. CEMPRE tem quebra de série em 2022. As definições censitárias são próprias de cada edição.,sidra_9528_2022,False,"{""12762"": ""117897""}","{""12762"": ""Total""}",
cempre_remuneracoes_mil_reais_desde2022,Salários e outras remunerações,IBGE — Cadastro Central de Empresas,"https://apisidra.ibge.gov.br/values/t/9528/n6/all/v/706,707,708,662/p/2022/c12762/117897/u/y",2022,Mil Reais,Município,"Valor publicado pelo SIDRA, sem cálculo adicional.",CEMPRE nova série desde 2022; manter quebra metodológica explícita. Apenas ano de referência; sem interpolação. CEMPRE tem quebra de série em 2022. As definições censitárias são próprias de cada edição.,sidra_9528_2022,False,"{""12762"": ""117897""}","{""12762"": ""Total""}",
cempre_unidades_locais_desde2022,Número de unidades locais,IBGE — Cadastro Central de Empresas,"https://apisidra.ibge.gov.br/values/t/9528/n6/all/v/706,707,708,662/p/2023/c12762/117897/u/y",2023,Unidades,Município,"Valor publicado pelo SIDRA, sem cálculo adicional.",CEMPRE nova série desde 2022; manter quebra metodológica explícita. Apenas ano de referência; sem interpolação. CEMPRE tem quebra de série em 2022. As definições censitárias são próprias de cada edição.,sidra_9528_2023,False,"{""12762"": ""117897""}","{""12762"": ""Total""}",
cempre_pessoal_ocupado_desde2022,Pessoal ocupado total,IBGE — Cadastro Central de Empresas,"https://apisidra.ibge.gov.br/values/t/9528/n6/all/v/706,707,708,662/p/2023/c12762/117897/u/y",2023,Pessoas,Município,"Valor publicado pelo SIDRA, sem cálculo adicional.",CEMPRE nova série desde 2022; manter quebra metodológica explícita. Apenas ano de referência; sem interpolação. CEMPRE tem quebra de série em 2022. As definições censitárias são próprias de cada edição.,sidra_9528_2023,False,"{""12762"": ""117897""}","{""12762"": ""Total""}",
cempre_pessoal_assalariado_desde2022,Pessoal ocupado assalariado,IBGE — Cadastro Central de Empresas,"https://apisidra.ibge.gov.br/values/t/9528/n6/all/v/706,707,708,662/p/2023/c12762/117897/u/y",2023,Pessoas,Município,"Valor publicado pelo SIDRA, sem cálculo adicional.",CEMPRE nova série desde 2022; manter quebra metodológica explícita. Apenas ano de referência; sem interpolação. CEMPRE tem quebra de série em 2022. As definições censitárias são próprias de cada edição.,sidra_9528_2023,False,"{""12762"": ""117897""}","{""12762"": ""Total""}",
cempre_remuneracoes_mil_reais_desde2022,Salários e outras remunerações,IBGE — Cadastro Central de Empresas,"https://apisidra.ibge.gov.br/values/t/9528/n6/all/v/706,707,708,662/p/2023/c12762/117897/u/y",2023,Mil Reais,Município,"Valor publicado pelo SIDRA, sem cálculo adicional.",CEMPRE nova série desde 2022; manter quebra metodológica explícita. Apenas ano de referência; sem interpolação. CEMPRE tem quebra de série em 2022. As definições censitárias são próprias de cada edição.,sidra_9528_2023,False,"{""12762"": ""117897""}","{""12762"": ""Total""}",
idhm,IDHM - Índice de Desenvolvimento Humano Municipal (Censo),IPEA/Ipeadata — Atlas do Desenvolvimento Humano (Censo Demográfico),http://www.ipeadata.gov.br/api/odata4/ValoresSerie(SERCODIGO='ADH_IDHM'),2010,-,Município,"O Índice de Desenvolvimento Humano (IDH) foi criado com base nas três dimensões conceituais básicas do desenvolvimento humano: uma vida longa e saudável, acesso ao conhecimento e um padrão de vida decente. Mais Informações: Atlas do Desenvolvimento Humano no Brasil . . Para acessar outras desagregações, utilize os atalhos a seguir: Brasil | por Região | por UF . Para acessar as séries encadeadas (Censo + Pnad) , utilize os atalhos a seguir: IDHM Longevidade | IDHM Educação | IDHM Renda | IDHM . Ipeadata - Página principal .","Valores censitários: não anuais. Cortes e universos são os publicados pela fonte, não parâmetros escolhidos para o ENEM. IDHM é índice composto e Gini é índice de desigualdade. Ausências e mudanças de definição preservadas.",ipeadata_ADH_IDHM,False,,,
idhm_educacao,IDHM - Índice de Desenvolvimento Humano Municipal - educação (Censo),IPEA/Ipeadata — Atlas do Desenvolvimento Humano (Censo Demográfico),http://www.ipeadata.gov.br/api/odata4/ValoresSerie(SERCODIGO='ADH_IDHM_E'),2010,-,Município,"O Índice de Desenvolvimento Humano (IDH) foi criado com base nas três dimensões conceituais básicas do desenvolvimento humano: uma vida longa e saudável, acesso ao conhecimento e um padrão de vida decente. Mais Informações: Atlas do Desenvolvimento Humano no Brasil . . Para acessar outras desagregações, utilize os atalhos a seguir: Brasil | por Região | por UF . Para acessar as séries encadeadas (Censo + Pnad) , utilize os atalhos a seguir: IDHM Longevidade | IDHM Educação | IDHM Renda | IDHM . Ipeadata - Página principal .","Valores censitários: não anuais. Cortes e universos são os publicados pela fonte, não parâmetros escolhidos para o ENEM. IDHM é índice composto e Gini é índice de desigualdade. Ausências e mudanças de definição preservadas.",ipeadata_ADH_IDHM_E,False,,,
renda_per_capita_atlas_reais2010,Renda per capita média (Atlas DH - Censo),IPEA/Ipeadata — Atlas do Desenvolvimento Humano (Censo Demográfico),http://www.ipeadata.gov.br/api/odata4/ValoresSerie(SERCODIGO='ADH_RDPC'),2010,"R$, a preços do ano 2010",Município,"Razão entre o somatório da renda de todos os indivíduos residentes em domicílios particulares permanentes e o número total desses indivíduos. Valores em reais de 01/agosto de 2010. Este indicador faz parte do bloco de indicadores que contém nível de renda; de pobreza e de desigualdade de renda. São indicadores utilizados na análise do IDHM (Índice de Desenvolvimento Humano Municipal). Nota: elaborado por PNUD, IPEA e FJP a partir dos microdados de Censos Demográficos do IBGE. Mais Informações: Metodologia do Atlas do Desenvolvimento Humano . Fonte primária aguarda microdados do Censo 2022. Para acessar outras desagregações, utilize os atalhos a seguir: Brasil | por Região | por UF . por Gênero > Homens | Mulheres por Cor/Raça > Brancos | Pretos/Pardos por tipo domicilio > Rural | Urbano Ipeadata - Página principal .","Valores censitários: não anuais. Cortes e universos são os publicados pela fonte, não parâmetros escolhidos para o ENEM. IDHM é índice composto e Gini é índice de desigualdade. Ausências e mudanças de definição preservadas.",ipeadata_ADH_RDPC,False,,,
gini_atlas,Índice de Gini (Atlas DH - Censo),IPEA/Ipeadata — Atlas do Desenvolvimento Humano (Censo Demográfico),http://www.ipeadata.gov.br/api/odata4/ValoresSerie(SERCODIGO='ADH_GINI'),2010,-,Município,"Mede o grau de desigualdade existente na distribuição de indivíduos segundo a renda domiciliar per capita. Seu valor é 0 quando não há desigualdade (a renda domiciliar per capita de todos os indivíduos tem o mesmo valor) e tende a 1 à medida que a desigualdade aumenta. O universo de indivíduos é limitado àqueles que vivem em domicílios particulares permanentes. Este indicador faz parte do bloco de indicadores que contém nível de renda; de pobreza e de desigualdade de renda. São indicadores utilizados na análise do IDHM (Índice de Desenvolvimento Humano Municipal). Nota: elaborado por PNUD, IPEA e FJP a partir dos microdados de Censos Demográficos do IBGE. Mais Informações: Metodologia do Atlas do Desenvolvimento Humano . Fonte primária aguarda microdados do Censo 2022. Para acessar outras desagregações, utilize os atalhos a seguir: Brasil | por Região | por UF . por Gênero > Homens | Mulheres por Cor/Raça > Brancos | Pretos/Pardos por tipo domicilio > Rural | Urbano Para acessar dados atualizados da série pela Pnad Contínua, utilize o link a seguir: Gini (Pnad Contínua) . Ipeadata - Página principal .","Valores censitários: não anuais. Cortes e universos são os publicados pela fonte, não parâmetros escolhidos para o ENEM. IDHM é índice composto e Gini é índice de desigualdade. Ausências e mudanças de definição preservadas.",ipeadata_ADH_GINI,False,,,
pobreza_atlas_pct,Proporção de pessoas pobres (Atlas DH - Censo),IPEA/Ipeadata — Atlas do Desenvolvimento Humano (Censo Demográfico),http://www.ipeadata.gov.br/api/odata4/ValoresSerie(SERCODIGO='ADH_PMPOB'),2010,(%),Município,"Proporção dos indivíduos com renda domiciliar per capita igual ou inferior a R$ 140,00 mensais, em reais de agosto de 2010. O universo de indivíduos é limitado àqueles que vivem em domicílios particulares permanentes. Este indicador faz parte do bloco de indicadores que contém nível de renda; de pobreza e de desigualdade de renda. São indicadores utilizados na análise do IDHM (Índice de Desenvolvimento Humano Municipal). Nota: elaborado por PNUD, IPEA e FJP a partir dos microdados de Censos Demográficos do IBGE. Mais Informações: Metodologia do Atlas do Desenvolvimento Humano Fonte primária aguarda microdados do Censo 2022. Para acessar outras desagregações, utilize os atalhos a seguir: Brasil | por Região | por UF . por Gênero > Homens | Mulheres por Cor/Raça > Brancos | Pretos/Pardos por tipo domicilio > Rural | Urbano Ipeadata - Página principal .","Valores censitários: não anuais. Cortes e universos são os publicados pela fonte, não parâmetros escolhidos para o ENEM. IDHM é índice composto e Gini é índice de desigualdade. Ausências e mudanças de definição preservadas.",ipeadata_ADH_PMPOB,False,,,
extrema_pobreza_atlas_pct,Proporção de pessoas extremamente pobres (Atlas DH - Censo),IPEA/Ipeadata — Atlas do Desenvolvimento Humano (Censo Demográfico),http://www.ipeadata.gov.br/api/odata4/ValoresSerie(SERCODIGO='ADH_PIND'),2010,(%),Município,"Proporção dos indivíduos com renda domiciliar per capita igual ou inferior a R$ 70,00 mensais, em reais de agosto de 2010. O universo de indivíduos é limitado àqueles que vivem em domicílios particulares permanentes. Este indicador faz parte do bloco de indicadores que contém nível de renda; de pobreza e de desigualdade de renda. São indicadores utilizados na análise do IDHM (Índice de Desenvolvimento Humano Municipal). Nota: elaborado por PNUD, IPEA e FJP a partir dos microdados de Censos Demográficos do IBGE. Mais Informações: Metodologia do Atlas do Desenvolvimento Humano Fonte primária aguarda microdados do Censo 2022. Para acessar outras desagregações, utilize os atalhos a seguir: Brasil | por Região | por UF . por Gênero > Homens | Mulheres por Cor/Raça > Brancos | Pretos/Pardos por tipo domicilio > Rural | Urbano Ipeadata - Página principal .","Valores censitários: não anuais. Cortes e universos são os publicados pela fonte, não parâmetros escolhidos para o ENEM. IDHM é índice composto e Gini é índice de desigualdade. Ausências e mudanças de definição preservadas.",ipeadata_ADH_PIND,False,,,
analfabetismo_15mais_atlas_pct,Taxa de analfabetismo - pessoas com 15 anos ou mais (Atlas DH - Censo),IPEA/Ipeadata — Atlas do Desenvolvimento Humano (Censo Demográfico),http://www.ipeadata.gov.br/api/odata4/ValoresSerie(SERCODIGO='ADH_T_ANALF15M'),2010,(%),Município,"Razão entre a população de 15 anos ou mais de idade que não sabe ler nem escrever um bilhete simples e o total de pessoas nesta faixa etária, multiplicada por 100. Dados utilizados para cálculos de indicadores que compõem as três dimensões do IDHM (Índice de Desenvolvimento Humano Municipal) que são: Longevidade, Educação e Renda. A dimensão educação, acesso ao conhecimento no IDHM é uma composição de indicadores de escolaridade da população adulta e de fluxo escolar da população jovem. Nota: elaborado por PNUD, IPEA e FJP a partir dos microdados de Censos Demográficos do IBGE. Mais Informações: Metodologia do Atlas do Desenvolvimento Humano . Os dados de 2022 foram extraídos diretamente do sistema SIDRA-IBGE, tabela 9543. Para acessar outras desagregações, utilize os atalhos a seguir: Dados Brasil | Dados por UF | Dados por capitais | Dados por município . por Gênero > Homens | Mulheres por Cor/Raça > Brancos | Pretos . Dados Pnad Contínua . Ipeadata - Página principal .","Valores censitários: não anuais. Cortes e universos são os publicados pela fonte, não parâmetros escolhidos para o ENEM. IDHM é índice composto e Gini é índice de desigualdade. Ausências e mudanças de definição preservadas.",ipeadata_ADH_T_ANALF15M,False,,,
analfabetismo_15mais_atlas_pct,Taxa de analfabetismo - pessoas com 15 anos ou mais (Atlas DH - Censo),IPEA/Ipeadata — Atlas do Desenvolvimento Humano (Censo Demográfico),http://www.ipeadata.gov.br/api/odata4/ValoresSerie(SERCODIGO='ADH_T_ANALF15M'),2022,(%),Município,"Razão entre a população de 15 anos ou mais de idade que não sabe ler nem escrever um bilhete simples e o total de pessoas nesta faixa etária, multiplicada por 100. Dados utilizados para cálculos de indicadores que compõem as três dimensões do IDHM (Índice de Desenvolvimento Humano Municipal) que são: Longevidade, Educação e Renda. A dimensão educação, acesso ao conhecimento no IDHM é uma composição de indicadores de escolaridade da população adulta e de fluxo escolar da população jovem. Nota: elaborado por PNUD, IPEA e FJP a partir dos microdados de Censos Demográficos do IBGE. Mais Informações: Metodologia do Atlas do Desenvolvimento Humano . Os dados de 2022 foram extraídos diretamente do sistema SIDRA-IBGE, tabela 9543. Para acessar outras desagregações, utilize os atalhos a seguir: Dados Brasil | Dados por UF | Dados por capitais | Dados por município . por Gênero > Homens | Mulheres por Cor/Raça > Brancos | Pretos . Dados Pnad Contínua . Ipeadata - Página principal .","Valores censitários: não anuais. Cortes e universos são os publicados pela fonte, não parâmetros escolhidos para o ENEM. IDHM é índice composto e Gini é índice de desigualdade. Ausências e mudanças de definição preservadas.",ipeadata_ADH_T_ANALF15M,False,,,
ensino_medio_completo_25mais_atlas_pct,População de 25 anos ou mais com ensino médio completo (Atlas DH - Censo),IPEA/Ipeadata — Atlas do Desenvolvimento Humano (Censo Demográfico),http://www.ipeadata.gov.br/api/odata4/ValoresSerie(SERCODIGO='ADH_T_MED25M'),2010,(%),Município,"Razão entre a população de 25 anos ou mais de idade que concluiu o ensino médio, em qualquer de suas modalidades (regular seriado, não seriado, EJA ou supletivo) e o total de pessoas nesta faixa etária, multiplicada por 100. Foram consideradas como tendo concluído o ensino médio as pessoas frequentando a 4ª série desse nível. Dados utilizados para cálculos de indicadores que compõem as três dimensões do IDHM (Índice de Desenvolvimento Humano Municipal) que são: Longevidade, Educação e Renda. A dimensão educação, acesso ao conhecimento no IDHM é uma composição de indicadores de escolaridade da população adulta e de fluxo escolar da população jovem. Nota: elaborado por PNUD, IPEA e FJP a partir dos microdados de Censos Demográficos do IBGE. Mais Informações: Metodologia do Atlas do Desenvolvimento Humano Fonte primária aguarda microdados do Censo 2022. Para acessar outras desagregações, utilize os atalhos a seguir: Brasil | por Região | por UF . por Gênero > Homens | Mulheres por Cor/Raça > Brancos | Pretos/Pardos por tipo domicilio > Rural | Urbano Ipeadata - Página principal .","Valores censitários: não anuais. Cortes e universos são os publicados pela fonte, não parâmetros escolhidos para o ENEM. IDHM é índice composto e Gini é índice de desigualdade. Ausências e mudanças de definição preservadas.",ipeadata_ADH_T_MED25M,False,,,
superior_completo_25mais_atlas_pct,População de 25 anos ou mais com superior completo (Atlas DH - Censo),IPEA/Ipeadata — Atlas do Desenvolvimento Humano (Censo Demográfico),http://www.ipeadata.gov.br/api/odata4/ValoresSerie(SERCODIGO='ADH_T_SUPER25M'),2010,(%),Município,"Razão entre a população de 25 anos ou mais de idade que concluiu pelo menos a graduação do ensino superior e o total de pessoas nesta faixa etária, multiplicada por 100. Dados utilizados para cálculos de indicadores que compõem as três dimensões do IDHM (Índice de Desenvolvimento Humano Municipal) que são: Longevidade, Educação e Renda. A dimensão educação, acesso ao conhecimento no IDHM é uma composição de indicadores de escolaridade da população adulta e de fluxo escolar da população jovem. Nota: elaborado por PNUD, IPEA e FJP a partir dos microdados de Censos Demográficos do IBGE. Mais Informações: Metodologia do Atlas do Desenvolvimento Humano Fonte primária aguarda microdados do Censo 2022. Para acessar outras desagregações, utilize os atalhos a seguir: Brasil | por Região | por UF . por Gênero > Homens | Mulheres por Cor/Raça > Brancos | Pretos/Pardos por tipo de domicílio > Rural | Urbano Ipeadata - Página principal .","Valores censitários: não anuais. Cortes e universos são os publicados pela fonte, não parâmetros escolhidos para o ENEM. IDHM é índice composto e Gini é índice de desigualdade. Ausências e mudanças de definição preservadas.",ipeadata_ADH_T_SUPER25M,False,,,
atendimento_escolar_6a14_atlas_pct,Taxa de atendimento escolar da população de 6 a 14 anos de idade (Atlas DH - Censo),IPEA/Ipeadata — Atlas do Desenvolvimento Humano (Censo Demográfico),http://www.ipeadata.gov.br/api/odata4/ValoresSerie(SERCODIGO='ADH_T_FREQ6A14'),2010,(%),Município,"Razão entre a população de 6 a 14 anos de idade que estava frequentando a escola, em qualquer nível ou série, e a população total nesta faixa etária, multiplicada por 100. Dados utilizados para cálculos de indicadores que compõem as três dimensões do IDHM (Índice de Desenvolvimento Humano Municipal) que são: Longevidade, Educação e Renda. A dimensão educação, acesso ao conhecimento no IDHM é uma composição de indicadores de escolaridade da população adulta e de fluxo escolar da população jovem. Nota: elaborado por PNUD, IPEA e FJP a partir dos microdados de Censos Demográficos do IBGE. Mais Informações: Metodologia do Atlas do Desenvolvimento Humano Fonte primária aguarda microdados do Censo 2022. Para acessar outras desagregações, utilize os atalhos a seguir: Brasil | por Região | por UF . por Gênero > Homens | Mulheres por Cor/Raça > Brancos | Pretos/Pardos por tipo domicilio > Rural | Urbano . séries relacionadas> 0 a 3 anos | 4 a 5 anos | 6 a 14 anos | 15 a 17 anos | 18 a 24 anos . Ipeadata - Página principal . Ipeadata - Página principal .","Valores censitários: não anuais. Cortes e universos são os publicados pela fonte, não parâmetros escolhidos para o ENEM. IDHM é índice composto e Gini é índice de desigualdade. Ausências e mudanças de definição preservadas.",ipeadata_ADH_T_FREQ6A14,False,,,
atendimento_escolar_15a17_atlas_pct,Taxa de atendimento escolar da população de 15 a 17 anos de idade (Atlas DH - Censo),IPEA/Ipeadata — Atlas do Desenvolvimento Humano (Censo Demográfico),http://www.ipeadata.gov.br/api/odata4/ValoresSerie(SERCODIGO='ADH_T_FREQ15A17'),2010,(%),Município,"Razão entre a população de 15 a 17 anos de idade que estava frequentando a escola, em qualquer nível ou série (exceto pré-vestibular), e a população total nesta faixa etária, multiplicada por 100. Dados utilizados para cálculos de indicadores que compõem as três dimensões do IDHM (Índice de Desenvolvimento Humano Municipal) que são: Longevidade, Educação e Renda. A dimensão educação, acesso ao conhecimento no IDHM é uma composição de indicadores de escolaridade da população adulta e de fluxo escolar da população jovem. Nota: elaborado por PNUD, IPEA e FJP a partir dos microdados de Censos Demográficos do IBGE. Mais Informações: Metodologia do Atlas do Desenvolvimento Humano Fonte primária aguarda microdados do Censo 2022. Para acessar outras desagregações, utilize os atalhos a seguir: Brasil | por Região | por UF . por Gênero > Homens | Mulheres por Cor/Raça > Brancos | Pretos/Pardos por tipo domicilio > Rural | Urbano . séries relacionadas> 0 a 3 anos | 4 a 5 anos | 6 a 14 anos | 15 a 17 anos | 18 a 24 anos . Ipeadata - Página principal . Ipeadata - Página principal .","Valores censitários: não anuais. Cortes e universos são os publicados pela fonte, não parâmetros escolhidos para o ENEM. IDHM é índice composto e Gini é índice de desigualdade. Ausências e mudanças de definição preservadas.",ipeadata_ADH_T_FREQ15A17,False,,,
frequencia_liquida_medio_atlas_pct,Taxa de frequência líquida ao ensino médio regular seriado (Atlas DH - Censo),IPEA/Ipeadata — Atlas do Desenvolvimento Humano (Censo Demográfico),http://www.ipeadata.gov.br/api/odata4/ValoresSerie(SERCODIGO='ADH_T_FLMED'),2010,(%),Município,"Razão entre o número de pessoas na faixa etária de 15 a 17 anos frequentando o ensino médio REGULAR SERIADO e a população total dessa mesma faixa etária, multiplicada por 100. As pessoas de 15 a 17 anos frequentando a 4ª série do ensino médio foram consideradas como já tendo concluído esse nível de ensino. Dados utilizados para cálculos de indicadores que compõem as três dimensões do IDHM (Índice de Desenvolvimento Humano Municipal) que são: Longevidade, Educação e Renda. A dimensão educação, acesso ao conhecimento no IDHM é uma composição de indicadores de escolaridade da população adulta e de fluxo escolar da população jovem. Nota: elaborado por PNUD, IPEA e FJP a partir dos microdados de Censos Demográficos do IBGE. Mais Informações: Metodologia do Atlas do Desenvolvimento Humano Fonte primária aguarda microdados do Censo 2022. Para acessar outras desagregações, utilize os atalhos a seguir: Brasil | por Região | por UF . por Gênero > Homens | Mulheres por Cor/Raça > Brancos | Pretos/Pardos por tipo domicilio > Rural | Urbano Ipeadata - Página principal .","Valores censitários: não anuais. Cortes e universos são os publicados pela fonte, não parâmetros escolhidos para o ENEM. IDHM é índice composto e Gini é índice de desigualdade. Ausências e mudanças de definição preservadas.",ipeadata_ADH_T_FLMED,False,,,
desocupacao_18mais_atlas_pct,Taxa de desocupação da população de 18 anos ou mais de idade (Atlas DH - Censo),IPEA/Ipeadata — Atlas do Desenvolvimento Humano (Censo Demográfico),http://www.ipeadata.gov.br/api/odata4/ValoresSerie(SERCODIGO='ADH_T_DES18M'),2010,(%),Município,"Percentual da população economicamente ativa (PEA) nessa faixa etária que estava desocupada, ou seja, que não estava ocupada na semana anterior à data do Censo mas havia procurado trabalho ao longo do mês anterior à data dessa pesquisa. Este indicador faz parte do bloco de indicadores que contém indicadores de atividade e desocupação (taxa de atividade e taxa de desocupação) para diferentes faixas etárias da população (10 ou mais, 10 a 14, 15 a 17, 18 a 24 e 25 a 29). Além disso, contém uma série de indicadores de caracterização dos ocupados de 18 anos ou mais de idade, abrangendo setor de atividade, grau de formalização, grau de escolaridade, posição de ocupação e rendimento do trabalho. Nota: elaborado por PNUD, IPEA e FJP a partir dos microdados de Censos Demográficos do IBGE. Mais Informações: Metodologia do Atlas do Desenvolvimento Humano Fonte primária aguarda microdados do Censo 2022. Para acessar outras desagregações, utilize os atalhos a seguir: Brasil | por Região | por UF . por Gênero > Homens | Mulheres por Cor/Raça > Brancos | Pretos/Pardos por tipo domicilio > Rural | Urbano . por Faixa etária > 10 a 14 anos | 15 a 17 anos | > 18 anos . Ipeadata - Página principal .","Valores censitários: não anuais. Cortes e universos são os publicados pela fonte, não parâmetros escolhidos para o ENEM. IDHM é índice composto e Gini é índice de desigualdade. Ausências e mudanças de definição preservadas.",ipeadata_ADH_T_DES18M,False,,,
agua_encanada_atlas_pct,População que vive em domicílios com água encanada (Atlas DH - Censo),IPEA/Ipeadata — Atlas do Desenvolvimento Humano (Censo Demográfico),http://www.ipeadata.gov.br/api/odata4/ValoresSerie(SERCODIGO='ADH_T_AGUA'),2010,(%),Município,"Razão entre a população que vive em domicílios particulares permanentes com água canalizada para um ou mais cômodos e a população total residente em domicílios particulares permanentes, multiplicada por 100. A água pode ser proveniente de rede geral, de poço, de nascente ou de reservatório abastecido por água das chuvas ou carro-pipa. Este indicador faz parte do bloco de indicadores relacionados às condições habitacionais, envolvendo características da habitação (tipo de parede e número de pessoas por dormitório) e acesso a serviços (água, esgoto, lixo e luz). Ele colabora com a análise de uma das dimensões do IDHM reduzindo as limitações do IDH original frente à realidade dos municípios brasileiros. Nota: elaborado por PNUD, IPEA e FJP a partir dos microdados de Censos Demográficos do IBGE. Mais Informações: Metodologia do Atlas do Desenvolvimento Humano Fonte primária aguarda microdados do Censo 2022. Para acessar outras desagregações, utilize os atalhos a seguir: Brasil | por Região | por UF . por Gênero > Homens | Mulheres por Cor/Raça > Brancos | Pretos/Pardos por tipo domicilio > Rural | Urbano Ipeadata - Página principal .","Valores censitários: não anuais. Cortes e universos são os publicados pela fonte, não parâmetros escolhidos para o ENEM. IDHM é índice composto e Gini é índice de desigualdade. Ausências e mudanças de definição preservadas.",ipeadata_ADH_T_AGUA,False,,,
agua_esgoto_inadequados_atlas_pct,Pessoas em domicílios com abastecimento de água e esgotamento sanitário inadequados (Atlas DH - Censo),IPEA/Ipeadata — Atlas do Desenvolvimento Humano (Censo Demográfico),http://www.ipeadata.gov.br/api/odata4/ValoresSerie(SERCODIGO='ADH_T_AGUA_ESGOTO'),2010,(%),Município,"Razão entre as pessoas que vivem em domicílios cujo abastecimento de água não provem de rede geral e cujo esgotamento sanitário não é realizado por rede coletora de esgoto ou fossa séptica e a população total residente em domicílios particulares permanentes, multiplicada por 100. São considerados apenas os domicílios particulares permanentes. Este indicador faz parte do bloco de indicadores relacionados às condições habitacionais, envolvendo características da habitação (tipo de parede e número de pessoas por dormitório) e acesso a serviços (água, esgoto, lixo e luz). Ele colabora com a análise de uma das dimensões do IDHM reduzindo as limitações do IDH original frente à realidade dos municípios brasileiros. Nota: elaborado por PNUD, IPEA e FJP a partir dos microdados de Censos Demográficos do IBGE. Mais Informações: Metodologia do Atlas do Desenvolvimento Humano Fonte primária aguarda microdados do Censo 2022. Para acessar outras desagregações, utilize os atalhos a seguir: Brasil | por Região | por UF . Série principal | Ipeadata - Página principal .","Valores censitários: não anuais. Cortes e universos são os publicados pela fonte, não parâmetros escolhidos para o ENEM. IDHM é índice composto e Gini é índice de desigualdade. Ausências e mudanças de definição preservadas.",ipeadata_ADH_T_AGUA_ESGOTO,False,,,
coleta_lixo_urbano_atlas_pct,População que vive em domicílios urbanos com serviço de coleta de lixo (Atlas DH - Censo),IPEA/Ipeadata — Atlas do Desenvolvimento Humano (Censo Demográfico),http://www.ipeadata.gov.br/api/odata4/ValoresSerie(SERCODIGO='ADH_T_LIXO'),2010,(%),Município,"Razão entre a população que vive em domicílios com coleta de lixo e a população total residente em domicílios particulares permanentes, multiplicada por 100. Estão incluídas as situações em que a coleta de lixo é realizada diretamente por empresa pública ou privada, ou o lixo é depositado em caçamba, tanque ou depósito fora do domicílio, para posterior coleta pela prestadora do serviço. São considerados apenas os domicílios particulares permanentes localizados em área urbana. Este indicador faz parte do bloco de indicadores relacionados às condições habitacionais, envolvendo características da habitação (tipo de parede e número de pessoas por dormitório) e acesso a serviços (água, esgoto, lixo e luz). Ele colabora com a análise de uma das dimensões do IDHM reduzindo as limitações do IDH original frente à realidade dos municípios brasileiros. Nota: elaborado por PNUD, IPEA e FJP a partir dos microdados de Censos Demográficos do IBGE. Mais Informações: Metodologia do Atlas do Desenvolvimento Humano Fonte primária aguarda microdados do Censo 2022. Para acessar outras desagregações, utilize os atalhos a seguir: Brasil | por Região | por UF . por Gênero > Homens | Mulheres por Cor/Raça > Brancos | Pretos/Pardos por tipo domicilio > Rural | Urbano Ipeadata - Página principal .","Valores censitários: não anuais. Cortes e universos são os publicados pela fonte, não parâmetros escolhidos para o ENEM. IDHM é índice composto e Gini é índice de desigualdade. Ausências e mudanças de definição preservadas.",ipeadata_ADH_T_LIXO,False,,,
ocupados_agropecuaria_atlas_pct,Ocupados no setor agropecuário (Atlas DH - Censo),IPEA/Ipeadata — Atlas do Desenvolvimento Humano (Censo Demográfico),http://www.ipeadata.gov.br/api/odata4/ValoresSerie(SERCODIGO='ADH_P_AGRO'),2010,(%),Município,"Razão entre o número de pessoas de 18 anos ou mais de idade ocupadas no setor agropecuário e o número total de pessoas ocupadas nessa faixa etária, multiplicada por 100. Este indicador faz parte do bloco de indicadores que contém indicadores de atividade e desocupação (taxa de atividade e taxa de desocupação) para diferentes faixas etárias da população (10 ou mais, 10 a 14, 15 a 17, 18 a 24 e 25 a 29). Além disso, contém uma série de indicadores de caracterização dos ocupados de 18 anos ou mais de idade, abrangendo setor de atividade, grau de formalização, grau de escolaridade, posição de ocupação e rendimento do trabalho. Setor agropecuário relativo à teoria e prática da agricultura e da pecuária, e suas relações mútuas. Nota: elaborado por PNUD, IPEA e FJP a partir dos microdados de Censos Demográficos do IBGE. Mais Informações: Metodologia do Atlas do Desenvolvimento Humano Fonte primária aguarda microdados do Censo 2022. Para acessar outras desagregações, utilize os atalhos a seguir: Brasil | por Região | por UF . por Gênero > Homens | Mulheres por Cor/Raça > Brancos | Pretos/Pardos por tipo domicilio > Rural | Urbano . por Setor > Agro | Comércio | Construção | Inds. Transformação | Extr. Mineral | Serviços | Serv. Ut. Pública . Ipeadata - Página principal .","Valores censitários: não anuais. Cortes e universos são os publicados pela fonte, não parâmetros escolhidos para o ENEM. IDHM é índice composto e Gini é índice de desigualdade. Ausências e mudanças de definição preservadas.",ipeadata_ADH_P_AGRO,False,,,
ocupados_comercio_atlas_pct,Ocupados no setor comércio (Atlas DH - Censo),IPEA/Ipeadata — Atlas do Desenvolvimento Humano (Censo Demográfico),http://www.ipeadata.gov.br/api/odata4/ValoresSerie(SERCODIGO='ADH_P_COM'),2010,(%),Município,"Razão entre o número de pessoas de 18 anos ou mais de idade ocupadas no setor de comércio e o número total de pessoas ocupadas nessa faixa etária, multiplicada por 100. Este indicador faz parte do bloco de indicadores que contém indicadores de atividade e desocupação (taxa de atividade e taxa de desocupação) para diferentes faixas etárias da população (10 ou mais, 10 a 14, 15 a 17, 18 a 24 e 25 a 29). Além disso, contém uma série de indicadores de caracterização dos ocupados de 18 anos ou mais de idade, abrangendo setor de atividade, grau de formalização, grau de escolaridade, posição de ocupação e rendimento do trabalho. O setor do comércio refere-se às atividades comerciais que diferem tanto em relação à origem das mercadorias (importadas ou nacionais, agrícolas ou industriais) quanto ao seu destino (para consumidores de alta ou baixa renda, para uso intermediário ou para uso final, para o mercado interno ou externo). O setor se classifica em: comércio por atacado; comércio varejista e comércio de veículos, peças e motocicletas, mensurando-se os diferentes níveis de produtividade, margem comercial, salários, pessoal ocupado e produção. Nota: elaborado por PNUD, IPEA e FJP a partir dos microdados de Censos Demográficos do IBGE. Mais Informações: Metodologia do Atlas do Desenvolvimento Humano Fonte primária aguarda microdados do Censo 2022. Para acessar outras desagregações, utilize os atalhos a seguir: Brasil | por Região | por UF . por Gênero > Homens | Mulheres por Cor/Raça > Brancos | Pretos/Pardos por tipo domicilio > Rural | Urbano . por Setor > Agro | Comércio | Construção | Inds. Transformação | Extr. Mineral | Serviços | Serv. Ut. Pública . Ipeadata - Página principal .","Valores censitários: não anuais. Cortes e universos são os publicados pela fonte, não parâmetros escolhidos para o ENEM. IDHM é índice composto e Gini é índice de desigualdade. Ausências e mudanças de definição preservadas.",ipeadata_ADH_P_COM,False,,,
ocupados_servicos_atlas_pct,Ocupados no setor serviços (Atlas DH - Censo),IPEA/Ipeadata — Atlas do Desenvolvimento Humano (Censo Demográfico),http://www.ipeadata.gov.br/api/odata4/ValoresSerie(SERCODIGO='ADH_P_SERV'),2010,(%),Município,"Razão entre o número de pessoas de 18 anos ou mais de idade ocupadas no setor de serviços e o número total de pessoas ocupadas nessa faixa etária, multiplicada por 100. Este indicador faz parte do bloco de indicadores que contém indicadores de atividade e desocupação (taxa de atividade e taxa de desocupação) para diferentes faixas etárias da população (10 ou mais, 10 a 14, 15 a 17, 18 a 24 e 25 a 29). Além disso, contém uma série de indicadores de caracterização dos ocupados de 18 anos ou mais de idade, abrangendo setor de atividade, grau de formalização, grau de escolaridade, posição de ocupação e rendimento do trabalho. O setor de serviços lida com as atividades de prestação de serviços e comércio. Ou seja, qualquer tipo de negócio que envolva a oferta e a aquisição de um serviço. Nota: elaborado por PNUD, IPEA e FJP a partir dos microdados de Censos Demográficos do IBGE. Mais Informações: Metodologia do Atlas do Desenvolvimento Humano Fonte primária aguarda microdados do Censo 2022. Para acessar outras desagregações, utilize os atalhos a seguir: Brasil | por Região | por UF . por Gênero > Homens | Mulheres por Cor/Raça > Brancos | Pretos/Pardos por tipo domicilio > Rural | Urbano . por Setor > Agro | Comércio | Construção | Inds. Transformação | Extr. Mineral | Serviços | Serv. Ut. Pública . Ipeadata - Página principal .","Valores censitários: não anuais. Cortes e universos são os publicados pela fonte, não parâmetros escolhidos para o ENEM. IDHM é índice composto e Gini é índice de desigualdade. Ausências e mudanças de definição preservadas.",ipeadata_ADH_P_SERV,False,,,
educ_aprovacao_fundamental_pct,educ aprovacao fundamental pct,INEP — Taxas de rendimento escolar,https://download.inep.gov.br/informacoes_estatisticas/2011/indicadores_educacionais/taxa_rendimento/2010/tx_rendimento_municipios_2010.zip,2010,%,Município,Taxa publicada para Localização=Total e Dependência/Rede=Total. Nenhuma média calculada entre redes.,"Taxas referem-se às escolas no município. Universo, ensino de 8/9 anos e pandemia exigem avaliação de comparabilidade. '--' é preservado como marcador da fonte.",inep_rendimento_2010,False,"{""localizacao"": ""Total"", ""rede"": ""Total""}","{""RENDIMENTOS MUNICIPIOS 2010"": [""Total Aprovação Fundamental""]}",18.0
educ_aprovacao_fundamental_anos_iniciais_pct,educ aprovacao fundamental anos iniciais pct,INEP — Taxas de rendimento escolar,https://download.inep.gov.br/informacoes_estatisticas/2011/indicadores_educacionais/taxa_rendimento/2010/tx_rendimento_municipios_2010.zip,2010,%,Município,Taxa publicada para Localização=Total e Dependência/Rede=Total. Nenhuma média calculada entre redes.,"Taxas referem-se às escolas no município. Universo, ensino de 8/9 anos e pandemia exigem avaliação de comparabilidade. '--' é preservado como marcador da fonte.",inep_rendimento_2010,False,"{""localizacao"": ""Total"", ""rede"": ""Total""}","{""RENDIMENTOS MUNICIPIOS 2010"": [""Aprovação 1ª a 4ª  Série/1º a 5º Ano""]}",16.0
educ_aprovacao_fundamental_anos_finais_pct,educ aprovacao fundamental anos finais pct,INEP — Taxas de rendimento escolar,https://download.inep.gov.br/informacoes_estatisticas/2011/indicadores_educacionais/taxa_rendimento/2010/tx_rendimento_municipios_2010.zip,2010,%,Município,Taxa publicada para Localização=Total e Dependência/Rede=Total. Nenhuma média calculada entre redes.,"Taxas referem-se às escolas no município. Universo, ensino de 8/9 anos e pandemia exigem avaliação de comparabilidade. '--' é preservado como marcador da fonte.",inep_rendimento_2010,False,"{""localizacao"": ""Total"", ""rede"": ""Total""}","{""RENDIMENTOS MUNICIPIOS 2010"": [""Aprovação 5ª a 8ª Série/ 6º ao 9º Ano""]}",17.0
educ_aprovacao_medio_pct,educ aprovacao medio pct,INEP — Taxas de rendimento escolar,https://download.inep.gov.br/informacoes_estatisticas/2011/indicadores_educacionais/taxa_rendimento/2010/tx_rendimento_municipios_2010.zip,2010,%,Município,Taxa publicada para Localização=Total e Dependência/Rede=Total. Nenhuma média calculada entre redes.,"Taxas referem-se às escolas no município. Universo, ensino de 8/9 anos e pandemia exigem avaliação de comparabilidade. '--' é preservado como marcador da fonte.",inep_rendimento_2010,False,"{""localizacao"": ""Total"", ""rede"": ""Total""}","{""RENDIMENTOS MUNICIPIOS 2010"": [""Total  Aprovação Médio""]}",24.0
educ_reprovacao_fundamental_pct,educ reprovacao fundamental pct,INEP — Taxas de rendimento escolar,https://download.inep.gov.br/informacoes_estatisticas/2011/indicadores_educacionais/taxa_rendimento/2010/tx_rendimento_municipios_2010.zip,2010,%,Município,Taxa publicada para Localização=Total e Dependência/Rede=Total. Nenhuma média calculada entre redes.,"Taxas referem-se às escolas no município. Universo, ensino de 8/9 anos e pandemia exigem avaliação de comparabilidade. '--' é preservado como marcador da fonte.",inep_rendimento_2010,False,"{""localizacao"": ""Total"", ""rede"": ""Total""}","{""RENDIMENTOS MUNICIPIOS 2010"": [""Total Reprovação Fundamental""]}",36.0
educ_reprovacao_fundamental_anos_iniciais_pct,educ reprovacao fundamental anos iniciais pct,INEP — Taxas de rendimento escolar,https://download.inep.gov.br/informacoes_estatisticas/2011/indicadores_educacionais/taxa_rendimento/2010/tx_rendimento_municipios_2010.zip,2010,%,Município,Taxa publicada para Localização=Total e Dependência/Rede=Total. Nenhuma média calculada entre redes.,"Taxas referem-se às escolas no município. Universo, ensino de 8/9 anos e pandemia exigem avaliação de comparabilidade. '--' é preservado como marcador da fonte.",inep_rendimento_2010,False,"{""localizacao"": ""Total"", ""rede"": ""Total""}","{""RENDIMENTOS MUNICIPIOS 2010"": [""Reprovação 1ª a 4ª  Série/1º a 5º Ano""]}",34.0
educ_reprovacao_fundamental_anos_finais_pct,educ reprovacao fundamental anos finais pct,INEP — Taxas de rendimento escolar,https://download.inep.gov.br/informacoes_estatisticas/2011/indicadores_educacionais/taxa_rendimento/2010/tx_rendimento_municipios_2010.zip,2010,%,Município,Taxa publicada para Localização=Total e Dependência/Rede=Total. Nenhuma média calculada entre redes.,"Taxas referem-se às escolas no município. Universo, ensino de 8/9 anos e pandemia exigem avaliação de comparabilidade. '--' é preservado como marcador da fonte.",inep_rendimento_2010,False,"{""localizacao"": ""Total"", ""rede"": ""Total""}","{""RENDIMENTOS MUNICIPIOS 2010"": [""Reprovação 5ª a 8ª Série/ 6º ao 9º Ano""]}",35.0
educ_reprovacao_medio_pct,educ reprovacao medio pct,INEP — Taxas de rendimento escolar,https://download.inep.gov.br/informacoes_estatisticas/2011/indicadores_educacionais/taxa_rendimento/2010/tx_rendimento_municipios_2010.zip,2010,%,Município,Taxa publicada para Localização=Total e Dependência/Rede=Total. Nenhuma média calculada entre redes.,"Taxas referem-se às escolas no município. Universo, ensino de 8/9 anos e pandemia exigem avaliação de comparabilidade. '--' é preservado como marcador da fonte.",inep_rendimento_2010,False,"{""localizacao"": ""Total"", ""rede"": ""Total""}","{""RENDIMENTOS MUNICIPIOS 2010"": [""Total  Reprovação Médio""]}",42.0
educ_abandono_fundamental_pct,educ abandono fundamental pct,INEP — Taxas de rendimento escolar,https://download.inep.gov.br/informacoes_estatisticas/2011/indicadores_educacionais/taxa_rendimento/2010/tx_rendimento_municipios_2010.zip,2010,%,Município,Taxa publicada para Localização=Total e Dependência/Rede=Total. Nenhuma média calculada entre redes.,"Taxas referem-se às escolas no município. Universo, ensino de 8/9 anos e pandemia exigem avaliação de comparabilidade. '--' é preservado como marcador da fonte.",inep_rendimento_2010,False,"{""localizacao"": ""Total"", ""rede"": ""Total""}","{""RENDIMENTOS MUNICIPIOS 2010"": [""Total Abandono Fundamental""]}",54.0
educ_abandono_fundamental_anos_iniciais_pct,educ abandono fundamental anos iniciais pct,INEP — Taxas de rendimento escolar,https://download.inep.gov.br/informacoes_estatisticas/2011/indicadores_educacionais/taxa_rendimento/2010/tx_rendimento_municipios_2010.zip,2010,%,Município,Taxa publicada para Localização=Total e Dependência/Rede=Total. Nenhuma média calculada entre redes.,"Taxas referem-se às escolas no município. Universo, ensino de 8/9 anos e pandemia exigem avaliação de comparabilidade. '--' é preservado como marcador da fonte.",inep_rendimento_2010,False,"{""localizacao"": ""Total"", ""rede"": ""Total""}","{""RENDIMENTOS MUNICIPIOS 2010"": [""Abandono 1ª a 4ª  Série/1º a 5º Ano""]}",52.0
educ_abandono_fundamental_anos_finais_pct,educ abandono fundamental anos finais pct,INEP — Taxas de rendimento escolar,https://download.inep.gov.br/informacoes_estatisticas/2011/indicadores_educacionais/taxa_rendimento/2010/tx_rendimento_municipios_2010.zip,2010,%,Município,Taxa publicada para Localização=Total e Dependência/Rede=Total. Nenhuma média calculada entre redes.,"Taxas referem-se às escolas no município. Universo, ensino de 8/9 anos e pandemia exigem avaliação de comparabilidade. '--' é preservado como marcador da fonte.",inep_rendimento_2010,False,"{""localizacao"": ""Total"", ""rede"": ""Total""}","{""RENDIMENTOS MUNICIPIOS 2010"": [""Abandono 5ª a 8ª Série/ 6º ao 9º Ano""]}",53.0
educ_abandono_medio_pct,educ abandono medio pct,INEP — Taxas de rendimento escolar,https://download.inep.gov.br/informacoes_estatisticas/2011/indicadores_educacionais/taxa_rendimento/2010/tx_rendimento_municipios_2010.zip,2010,%,Município,Taxa publicada para Localização=Total e Dependência/Rede=Total. Nenhuma média calculada entre redes.,"Taxas referem-se às escolas no município. Universo, ensino de 8/9 anos e pandemia exigem avaliação de comparabilidade. '--' é preservado como marcador da fonte.",inep_rendimento_2010,False,"{""localizacao"": ""Total"", ""rede"": ""Total""}","{""RENDIMENTOS MUNICIPIOS 2010"": [""Total Abandono - Médio""]}",60.0
educ_aprovacao_fundamental_pct,educ aprovacao fundamental pct,INEP — Taxas de rendimento escolar,https://download.inep.gov.br/informacoes_estatisticas/2011/indicadores_educacionais/taxa_rendimento/2011/tx_rendimento_municipios_2011_2.zip,2011,%,Município,Taxa publicada para Localização=Total e Dependência/Rede=Total. Nenhuma média calculada entre redes.,"Taxas referem-se às escolas no município. Universo, ensino de 8/9 anos e pandemia exigem avaliação de comparabilidade. '--' é preservado como marcador da fonte.",inep_rendimento_2011,False,"{""localizacao"": ""Total"", ""rede"": ""Total""}","{""MUNICÍPIOS - NORTE-NE-CO"": [""Taxa de Aprovação - Ensino Fundamental de 8 e 9 anos"", ""Total Aprovação no Ens. Fundamental""], ""MUNICÍPIOS - SUL-SUDESTE"": [""Taxa de Aprovação - Ensino Fundamental de 8 e 9 anos"", ""Total Aprovação no Ens. Fundamental""]}",7.0
educ_aprovacao_fundamental_anos_iniciais_pct,educ aprovacao fundamental anos iniciais pct,INEP — Taxas de rendimento escolar,https://download.inep.gov.br/informacoes_estatisticas/2011/indicadores_educacionais/taxa_rendimento/2011/tx_rendimento_municipios_2011_2.zip,2011,%,Município,Taxa publicada para Localização=Total e Dependência/Rede=Total. Nenhuma média calculada entre redes.,"Taxas referem-se às escolas no município. Universo, ensino de 8/9 anos e pandemia exigem avaliação de comparabilidade. '--' é preservado como marcador da fonte.",inep_rendimento_2011,False,"{""localizacao"": ""Total"", ""rede"": ""Total""}","{""MUNICÍPIOS - NORTE-NE-CO"": [""Aprovação - Anos Iniciais (1º ao 5º Ano)""], ""MUNICÍPIOS - SUL-SUDESTE"": [""Aprovação - Anos Iniciais (1º ao 5º Ano)""]}",8.0
educ_aprovacao_fundamental_anos_finais_pct,educ aprovacao fundamental anos finais pct,INEP — Taxas de rendimento escolar,https://download.inep.gov.br/informacoes_estatisticas/2011/indicadores_educacionais/taxa_rendimento/2011/tx_rendimento_municipios_2011_2.zip,2011,%,Município,Taxa publicada para Localização=Total e Dependência/Rede=Total. Nenhuma média calculada entre redes.,"Taxas referem-se às escolas no município. Universo, ensino de 8/9 anos e pandemia exigem avaliação de comparabilidade. '--' é preservado como marcador da fonte.",inep_rendimento_2011,False,"{""localizacao"": ""Total"", ""rede"": ""Total""}","{""MUNICÍPIOS - NORTE-NE-CO"": [""Aprovação - Anos Finais (6º ao 9º Ano)""], ""MUNICÍPIOS - SUL-SUDESTE"": [""Aprovação - Anos Finais (6º ao 9º Ano)""]}",9.0
educ_aprovacao_medio_pct,educ aprovacao medio pct,INEP — Taxas de rendimento escolar,https://download.inep.gov.br/informacoes_estatisticas/2011/indicadores_educacionais/taxa_rendimento/2011/tx_rendimento_municipios_2011_2.zip,2011,%,Município,Taxa publicada para Localização=Total e Dependência/Rede=Total. Nenhuma média calculada entre redes.,"Taxas referem-se às escolas no município. Universo, ensino de 8/9 anos e pandemia exigem avaliação de comparabilidade. '--' é preservado como marcador da fonte.",inep_rendimento_2011,False,"{""localizacao"": ""Total"", ""rede"": ""Total""}","{""MUNICÍPIOS - NORTE-NE-CO"": [""Taxa de Aprovação - Ensino Médio"", ""Total Aprovação no Ens. Médio""], ""MUNICÍPIOS - SUL-SUDESTE"": [""Taxa de Aprovação - Ensino Médio"", ""Total Aprovação no Ens. Médio""]}",19.0
educ_reprovacao_fundamental_pct,educ reprovacao fundamental pct,INEP — Taxas de rendimento escolar,https://download.inep.gov.br/informacoes_estatisticas/2011/indicadores_educacionais/taxa_rendimento/2011/tx_rendimento_municipios_2011_2.zip,2011,%,Município,Taxa publicada para Localização=Total e Dependência/Rede=Total. Nenhuma média calculada entre redes.,"Taxas referem-se às escolas no município. Universo, ensino de 8/9 anos e pandemia exigem avaliação de comparabilidade. '--' é preservado como marcador da fonte.",inep_rendimento_2011,False,"{""localizacao"": ""Total"", ""rede"": ""Total""}","{""MUNICÍPIOS - NORTE-NE-CO"": [""Taxa de Reprovação - 2011"", ""Taxa de Reprovação por Localização e a Dependência Administrativa, nos Níveis de Ensino Fundamental de 8 e 9 Anos e Médio, divididos por série, segundo a Unidade da Federação e seus respectivos municipios, em 2011. "", ""Taxa de Reprovação - Ensino Fundamental de 8 e 9 anos"", ""Total Reprovação no Ens. Fundamental""], ""MUNICÍPIOS - SUL-SUDESTE"": [""Taxa de Reprovação - 2011"", ""Taxa de Reprovação por Localização e a Dependência Administrativa, nos Níveis de Ensino Fundamental de 8 e 9 Anos e Médio, divididos por série, segundo a Unidade da Federação e seus respectivos municipios, em 2011. "", ""Taxa de Reprovação - Ensino Fundamental de 8 e 9 anos"", ""Total Reprovação no Ens. Fundamental""]}",25.0
educ_reprovacao_fundamental_anos_iniciais_pct,educ reprovacao fundamental anos iniciais pct,INEP — Taxas de rendimento escolar,https://download.inep.gov.br/informacoes_estatisticas/2011/indicadores_educacionais/taxa_rendimento/2011/tx_rendimento_municipios_2011_2.zip,2011,%,Município,Taxa publicada para Localização=Total e Dependência/Rede=Total. Nenhuma média calculada entre redes.,"Taxas referem-se às escolas no município. Universo, ensino de 8/9 anos e pandemia exigem avaliação de comparabilidade. '--' é preservado como marcador da fonte.",inep_rendimento_2011,False,"{""localizacao"": ""Total"", ""rede"": ""Total""}","{""MUNICÍPIOS - NORTE-NE-CO"": [""Reprovação - Anos Iniciais (1º ao 5º Ano)""], ""MUNICÍPIOS - SUL-SUDESTE"": [""Reprovação - Anos Iniciais (1º ao 5º Ano)""]}",26.0
educ_reprovacao_fundamental_anos_finais_pct,educ reprovacao fundamental anos finais pct,INEP — Taxas de rendimento escolar,https://download.inep.gov.br/informacoes_estatisticas/2011/indicadores_educacionais/taxa_rendimento/2011/tx_rendimento_municipios_2011_2.zip,2011,%,Município,Taxa publicada para Localização=Total e Dependência/Rede=Total. Nenhuma média calculada entre redes.,"Taxas referem-se às escolas no município. Universo, ensino de 8/9 anos e pandemia exigem avaliação de comparabilidade. '--' é preservado como marcador da fonte.",inep_rendimento_2011,False,"{""localizacao"": ""Total"", ""rede"": ""Total""}","{""MUNICÍPIOS - NORTE-NE-CO"": [""Reprovação - Anos Finais (6º ao 9º Ano)""], ""MUNICÍPIOS - SUL-SUDESTE"": [""Reprovação - Anos Finais (6º ao 9º Ano)""]}",27.0
educ_reprovacao_medio_pct,educ reprovacao medio pct,INEP — Taxas de rendimento escolar,https://download.inep.gov.br/informacoes_estatisticas/2011/indicadores_educacionais/taxa_rendimento/2011/tx_rendimento_municipios_2011_2.zip,2011,%,Município,Taxa publicada para Localização=Total e Dependência/Rede=Total. Nenhuma média calculada entre redes.,"Taxas referem-se às escolas no município. Universo, ensino de 8/9 anos e pandemia exigem avaliação de comparabilidade. '--' é preservado como marcador da fonte.",inep_rendimento_2011,False,"{""localizacao"": ""Total"", ""rede"": ""Total""}","{""MUNICÍPIOS - NORTE-NE-CO"": [""Taxa de Reprovação - Ensino Médio"", ""Total Reprovação no Ens. Médio""], ""MUNICÍPIOS - SUL-SUDESTE"": [""Taxa de Reprovação - Ensino Médio"", ""Total Reprovação no Ens. Médio""]}",37.0
educ_abandono_fundamental_pct,educ abandono fundamental pct,INEP — Taxas de rendimento escolar,https://download.inep.gov.br/informacoes_estatisticas/2011/indicadores_educacionais/taxa_rendimento/2011/tx_rendimento_municipios_2011_2.zip,2011,%,Município,Taxa publicada para Localização=Total e Dependência/Rede=Total. Nenhuma média calculada entre redes.,"Taxas referem-se às escolas no município. Universo, ensino de 8/9 anos e pandemia exigem avaliação de comparabilidade. '--' é preservado como marcador da fonte.",inep_rendimento_2011,False,"{""localizacao"": ""Total"", ""rede"": ""Total""}","{""MUNICÍPIOS - NORTE-NE-CO"": [""Taxa de Abandono - 2011"", ""Taxa de Abandono por Localização e a Dependência Administrativa, nos Níveis de Ensino Fundamental de 8 e 9 Anos e Médio, segundo a Unidade da Federação e seus respectivos municipios, em 2011. "", ""Taxa de Abandono - Ensino Fundamental de 8 e 9 anos"", ""Total Abandono Ens. Fundamental""], ""MUNICÍPIOS - SUL-SUDESTE"": [""Taxa de Abandono - 2011"", ""Taxa de Abandono por Localização e a Dependência Administrativa, nos Níveis de Ensino Fundamental de 8 e 9 Anos e Médio, segundo a Unidade da Federação e seus respectivos municipios, em 2011. "", ""Taxa de Abandono - Ensino Fundamental de 8 e 9 anos"", ""Total Abandono Ens. Fundamental""]}",43.0
educ_abandono_fundamental_anos_iniciais_pct,educ abandono fundamental anos iniciais pct,INEP — Taxas de rendimento escolar,https://download.inep.gov.br/informacoes_estatisticas/2011/indicadores_educacionais/taxa_rendimento/2011/tx_rendimento_municipios_2011_2.zip,2011,%,Município,Taxa publicada para Localização=Total e Dependência/Rede=Total. Nenhuma média calculada entre redes.,"Taxas referem-se às escolas no município. Universo, ensino de 8/9 anos e pandemia exigem avaliação de comparabilidade. '--' é preservado como marcador da fonte.",inep_rendimento_2011,False,"{""localizacao"": ""Total"", ""rede"": ""Total""}","{""MUNICÍPIOS - NORTE-NE-CO"": [""Abandono - Anos Iniciais (1º ao 5º Ano)""], ""MUNICÍPIOS - SUL-SUDESTE"": [""Abandono - Anos Iniciais (1º ao 5º Ano)""]}",44.0
educ_abandono_fundamental_anos_finais_pct,educ abandono fundamental anos finais pct,INEP — Taxas de rendimento escolar,https://download.inep.gov.br/informacoes_estatisticas/2011/indicadores_educacionais/taxa_rendimento/2011/tx_rendimento_municipios_2011_2.zip,2011,%,Município,Taxa publicada para Localização=Total e Dependência/Rede=Total. Nenhuma média calculada entre redes.,"Taxas referem-se às escolas no município. Universo, ensino de 8/9 anos e pandemia exigem avaliação de comparabilidade. '--' é preservado como marcador da fonte.",inep_rendimento_2011,False,"{""localizacao"": ""Total"", ""rede"": ""Total""}","{""MUNICÍPIOS - NORTE-NE-CO"": [""Abandono - Anos Finais (6º ao 9º Ano)""], ""MUNICÍPIOS - SUL-SUDESTE"": [""Abandono - Anos Finais (6º ao 9º Ano)""]}",45.0
educ_abandono_medio_pct,educ abandono medio pct,INEP — Taxas de rendimento escolar,https://download.inep.gov.br/informacoes_estatisticas/2011/indicadores_educacionais/taxa_rendimento/2011/tx_rendimento_municipios_2011_2.zip,2011,%,Município,Taxa publicada para Localização=Total e Dependência/Rede=Total. Nenhuma média calculada entre redes.,"Taxas referem-se às escolas no município. Universo, ensino de 8/9 anos e pandemia exigem avaliação de comparabilidade. '--' é preservado como marcador da fonte.",inep_rendimento_2011,False,"{""localizacao"": ""Total"", ""rede"": ""Total""}","{""MUNICÍPIOS - NORTE-NE-CO"": [""Taxa de Abandono - Ensino Médio"", ""Total Abandono no Ens. Médio""], ""MUNICÍPIOS - SUL-SUDESTE"": [""Taxa de Abandono - Ensino Médio"", ""Total Abandono no Ens. Médio""]}",55.0
educ_aprovacao_fundamental_pct,educ aprovacao fundamental pct,INEP — Taxas de rendimento escolar,https://download.inep.gov.br/informacoes_estatisticas/indicadores_educacionais/2012/taxas_rendimento/tx_rendimento_municipios_2012.zip,2012,%,Município,Taxa publicada para Localização=Total e Dependência/Rede=Total. Nenhuma média calculada entre redes.,"Taxas referem-se às escolas no município. Universo, ensino de 8/9 anos e pandemia exigem avaliação de comparabilidade. '--' é preservado como marcador da fonte.",inep_rendimento_2012,False,"{""localizacao"": ""Total"", ""rede"": ""Total""}","{""MUNICIPIOS 2012"": [""Taxa de Aprovação - Ensino Fundamental de 8 e 9 anos"", ""Total Aprovação no Ens. Fundamental""]}",7.0
educ_aprovacao_fundamental_anos_iniciais_pct,educ aprovacao fundamental anos iniciais pct,INEP — Taxas de rendimento escolar,https://download.inep.gov.br/informacoes_estatisticas/indicadores_educacionais/2012/taxas_rendimento/tx_rendimento_municipios_2012.zip,2012,%,Município,Taxa publicada para Localização=Total e Dependência/Rede=Total. Nenhuma média calculada entre redes.,"Taxas referem-se às escolas no município. Universo, ensino de 8/9 anos e pandemia exigem avaliação de comparabilidade. '--' é preservado como marcador da fonte.",inep_rendimento_2012,False,"{""localizacao"": ""Total"", ""rede"": ""Total""}","{""MUNICIPIOS 2012"": [""Aprovação - Anos Iniciais (1º ao 5º Ano)""]}",8.0
educ_aprovacao_fundamental_anos_finais_pct,educ aprovacao fundamental anos finais pct,INEP — Taxas de rendimento escolar,https://download.inep.gov.br/informacoes_estatisticas/indicadores_educacionais/2012/taxas_rendimento/tx_rendimento_municipios_2012.zip,2012,%,Município,Taxa publicada para Localização=Total e Dependência/Rede=Total. Nenhuma média calculada entre redes.,"Taxas referem-se às escolas no município. Universo, ensino de 8/9 anos e pandemia exigem avaliação de comparabilidade. '--' é preservado como marcador da fonte.",inep_rendimento_2012,False,"{""localizacao"": ""Total"", ""rede"": ""Total""}","{""MUNICIPIOS 2012"": [""Aprovação - Anos Finais (6º ao 9º Ano)""]}",9.0
educ_aprovacao_medio_pct,educ aprovacao medio pct,INEP — Taxas de rendimento escolar,https://download.inep.gov.br/informacoes_estatisticas/indicadores_educacionais/2012/taxas_rendimento/tx_rendimento_municipios_2012.zip,2012,%,Município,Taxa publicada para Localização=Total e Dependência/Rede=Total. Nenhuma média calculada entre redes.,"Taxas referem-se às escolas no município. Universo, ensino de 8/9 anos e pandemia exigem avaliação de comparabilidade. '--' é preservado como marcador da fonte.",inep_rendimento_2012,False,"{""localizacao"": ""Total"", ""rede"": ""Total""}","{""MUNICIPIOS 2012"": [""Taxa de Aprovação - Ensino Médio"", ""Total Aprovação no Ens. Médio""]}",19.0
educ_reprovacao_fundamental_pct,educ reprovacao fundamental pct,INEP — Taxas de rendimento escolar,https://download.inep.gov.br/informacoes_estatisticas/indicadores_educacionais/2012/taxas_rendimento/tx_rendimento_municipios_2012.zip,2012,%,Município,Taxa publicada para Localização=Total e Dependência/Rede=Total. Nenhuma média calculada entre redes.,"Taxas referem-se às escolas no município. Universo, ensino de 8/9 anos e pandemia exigem avaliação de comparabilidade. '--' é preservado como marcador da fonte.",inep_rendimento_2012,False,"{""localizacao"": ""Total"", ""rede"": ""Total""}","{""MUNICIPIOS 2012"": [""Taxa de Reprovação - 2012"", ""Taxa de Reprovação por Localização e a Dependência Administrativa, nos Níveis de Ensino Fundamental de 8 e 9 Anos e Médio, divididos por série, segundo a Unidade da Federação e seus respectivos municipios, em 2012. "", ""Taxa de Reprovação - Ensino Fundamental de 8 e 9 anos"", ""Total Reprovação no Ens. Fundamental""]}",25.0
educ_reprovacao_fundamental_anos_iniciais_pct,educ reprovacao fundamental anos iniciais pct,INEP — Taxas de rendimento escolar,https://download.inep.gov.br/informacoes_estatisticas/indicadores_educacionais/2012/taxas_rendimento/tx_rendimento_municipios_2012.zip,2012,%,Município,Taxa publicada para Localização=Total e Dependência/Rede=Total. Nenhuma média calculada entre redes.,"Taxas referem-se às escolas no município. Universo, ensino de 8/9 anos e pandemia exigem avaliação de comparabilidade. '--' é preservado como marcador da fonte.",inep_rendimento_2012,False,"{""localizacao"": ""Total"", ""rede"": ""Total""}","{""MUNICIPIOS 2012"": [""Reprovação - Anos Iniciais (1º ao 5º Ano)""]}",26.0
educ_reprovacao_fundamental_anos_finais_pct,educ reprovacao fundamental anos finais pct,INEP — Taxas de rendimento escolar,https://download.inep.gov.br/informacoes_estatisticas/indicadores_educacionais/2012/taxas_rendimento/tx_rendimento_municipios_2012.zip,2012,%,Município,Taxa publicada para Localização=Total e Dependência/Rede=Total. Nenhuma média calculada entre redes.,"Taxas referem-se às escolas no município. Universo, ensino de 8/9 anos e pandemia exigem avaliação de comparabilidade. '--' é preservado como marcador da fonte.",inep_rendimento_2012,False,"{""localizacao"": ""Total"", ""rede"": ""Total""}","{""MUNICIPIOS 2012"": [""Reprovação - Anos Finais (6º ao 9º Ano)""]}",27.0
educ_reprovacao_medio_pct,educ reprovacao medio pct,INEP — Taxas de rendimento escolar,https://download.inep.gov.br/informacoes_estatisticas/indicadores_educacionais/2012/taxas_rendimento/tx_rendimento_municipios_2012.zip,2012,%,Município,Taxa publicada para Localização=Total e Dependência/Rede=Total. Nenhuma média calculada entre redes.,"Taxas referem-se às escolas no município. Universo, ensino de 8/9 anos e pandemia exigem avaliação de comparabilidade. '--' é preservado como marcador da fonte.",inep_rendimento_2012,False,"{""localizacao"": ""Total"", ""rede"": ""Total""}","{""MUNICIPIOS 2012"": [""Taxa de Reprovação - Ensino Médio"", ""Total Reprovação no Ens. Médio""]}",37.0
educ_abandono_fundamental_pct,educ abandono fundamental pct,INEP — Taxas de rendimento escolar,https://download.inep.gov.br/informacoes_estatisticas/indicadores_educacionais/2012/taxas_rendimento/tx_rendimento_municipios_2012.zip,2012,%,Município,Taxa publicada para Localização=Total e Dependência/Rede=Total. Nenhuma média calculada entre redes.,"Taxas referem-se às escolas no município. Universo, ensino de 8/9 anos e pandemia exigem avaliação de comparabilidade. '--' é preservado como marcador da fonte.",inep_rendimento_2012,False,"{""localizacao"": ""Total"", ""rede"": ""Total""}","{""MUNICIPIOS 2012"": [""Taxa de Abandono - 2012"", ""Taxa de Abandono por Localização e a Dependência Administrativa, nos Níveis de Ensino Fundamental de 8 e 9 Anos e Médio, segundo a Unidade da Federação e seus respectivos municipios, em 2012. "", ""Taxa de Abandono - Ensino Fundamental de 8 e 9 anos"", ""Total Abandono Ens. Fundamental""]}",43.0
educ_abandono_fundamental_anos_iniciais_pct,educ abandono fundamental anos iniciais pct,INEP — Taxas de rendimento escolar,https://download.inep.gov.br/informacoes_estatisticas/indicadores_educacionais/2012/taxas_rendimento/tx_rendimento_municipios_2012.zip,2012,%,Município,Taxa publicada para Localização=Total e Dependência/Rede=Total. Nenhuma média calculada entre redes.,"Taxas referem-se às escolas no município. Universo, ensino de 8/9 anos e pandemia exigem avaliação de comparabilidade. '--' é preservado como marcador da fonte.",inep_rendimento_2012,False,"{""localizacao"": ""Total"", ""rede"": ""Total""}","{""MUNICIPIOS 2012"": [""Abandono - Anos Iniciais (1º ao 5º Ano)""]}",44.0
educ_abandono_fundamental_anos_finais_pct,educ abandono fundamental anos finais pct,INEP — Taxas de rendimento escolar,https://download.inep.gov.br/informacoes_estatisticas/indicadores_educacionais/2012/taxas_rendimento/tx_rendimento_municipios_2012.zip,2012,%,Município,Taxa publicada para Localização=Total e Dependência/Rede=Total. Nenhuma média calculada entre redes.,"Taxas referem-se às escolas no município. Universo, ensino de 8/9 anos e pandemia exigem avaliação de comparabilidade. '--' é preservado como marcador da fonte.",inep_rendimento_2012,False,"{""localizacao"": ""Total"", ""rede"": ""Total""}","{""MUNICIPIOS 2012"": [""Abandono - Anos Finais (6º ao 9º Ano)""]}",45.0
educ_abandono_medio_pct,educ abandono medio pct,INEP — Taxas de rendimento escolar,https://download.inep.gov.br/informacoes_estatisticas/indicadores_educacionais/2012/taxas_rendimento/tx_rendimento_municipios_2012.zip,2012,%,Município,Taxa publicada para Localização=Total e Dependência/Rede=Total. Nenhuma média calculada entre redes.,"Taxas referem-se às escolas no município. Universo, ensino de 8/9 anos e pandemia exigem avaliação de comparabilidade. '--' é preservado como marcador da fonte.",inep_rendimento_2012,False,"{""localizacao"": ""Total"", ""rede"": ""Total""}","{""MUNICIPIOS 2012"": [""Taxa de Abandono - Ensino Médio"", ""Total Abandono no Ens. Médio""]}",55.0
educ_aprovacao_fundamental_pct,educ aprovacao fundamental pct,INEP — Taxas de rendimento escolar,https://download.inep.gov.br/informacoes_estatisticas/indicadores_educacionais/2013/taxa_rendimento/tx_rendimento_municipios_2013.zip,2013,%,Município,Taxa publicada para Localização=Total e Dependência/Rede=Total. Nenhuma média calculada entre redes.,"Taxas referem-se às escolas no município. Universo, ensino de 8/9 anos e pandemia exigem avaliação de comparabilidade. '--' é preservado como marcador da fonte.",inep_rendimento_2013,False,"{""localizacao"": ""Total"", ""rede"": ""Total""}","{""MUNICIPIOS 2013"": [""Taxa de Aprovação - Ensino Fundamental de 8 e 9 anos"", ""Total Aprovação no Ens. Fundamental""]}",7.0
educ_aprovacao_fundamental_anos_iniciais_pct,educ aprovacao fundamental anos iniciais pct,INEP — Taxas de rendimento escolar,https://download.inep.gov.br/informacoes_estatisticas/indicadores_educacionais/2013/taxa_rendimento/tx_rendimento_municipios_2013.zip,2013,%,Município,Taxa publicada para Localização=Total e Dependência/Rede=Total. Nenhuma média calculada entre redes.,"Taxas referem-se às escolas no município. Universo, ensino de 8/9 anos e pandemia exigem avaliação de comparabilidade. '--' é preservado como marcador da fonte.",inep_rendimento_2013,False,"{""localizacao"": ""Total"", ""rede"": ""Total""}","{""MUNICIPIOS 2013"": [""Aprovação - Anos Iniciais (1º ao 5º Ano)""]}",8.0
educ_aprovacao_fundamental_anos_finais_pct,educ aprovacao fundamental anos finais pct,INEP — Taxas de rendimento escolar,https://download.inep.gov.br/informacoes_estatisticas/indicadores_educacionais/2013/taxa_rendimento/tx_rendimento_municipios_2013.zip,2013,%,Município,Taxa publicada para Localização=Total e Dependência/Rede=Total. Nenhuma média calculada entre redes.,"Taxas referem-se às escolas no município. Universo, ensino de 8/9 anos e pandemia exigem avaliação de comparabilidade. '--' é preservado como marcador da fonte.",inep_rendimento_2013,False,"{""localizacao"": ""Total"", ""rede"": ""Total""}","{""MUNICIPIOS 2013"": [""Aprovação - Anos Finais (6º ao 9º Ano)""]}",9.0
educ_aprovacao_medio_pct,educ aprovacao medio pct,INEP — Taxas de rendimento escolar,https://download.inep.gov.br/informacoes_estatisticas/indicadores_educacionais/2013/taxa_rendimento/tx_rendimento_municipios_2013.zip,2013,%,Município,Taxa publicada para Localização=Total e Dependência/Rede=Total. Nenhuma média calculada entre redes.,"Taxas referem-se às escolas no município. Universo, ensino de 8/9 anos e pandemia exigem avaliação de comparabilidade. '--' é preservado como marcador da fonte.",inep_rendimento_2013,False,"{""localizacao"": ""Total"", ""rede"": ""Total""}","{""MUNICIPIOS 2013"": [""Taxa de Aprovação - Ensino Médio"", ""Total Aprovação no Ens. Médio""]}",19.0
educ_reprovacao_fundamental_pct,educ reprovacao fundamental pct,INEP — Taxas de rendimento escolar,https://download.inep.gov.br/informacoes_estatisticas/indicadores_educacionais/2013/taxa_rendimento/tx_rendimento_municipios_2013.zip,2013,%,Município,Taxa publicada para Localização=Total e Dependência/Rede=Total. Nenhuma média calculada entre redes.,"Taxas referem-se às escolas no município. Universo, ensino de 8/9 anos e pandemia exigem avaliação de comparabilidade. '--' é preservado como marcador da fonte.",inep_rendimento_2013,False,"{""localizacao"": ""Total"", ""rede"": ""Total""}","{""MUNICIPIOS 2013"": [""Taxa de Reprovação - 2013"", ""Taxa de Reprovação por Localização e a Dependência Administrativa, nos Níveis de Ensino Fundamental de 8 e 9 Anos e Médio, divididos por série, segundo a Unidade da Federação e seus respectivos municipios, em 2013. "", ""Taxa de Reprovação - Ensino Fundamental de 8 e 9 anos"", ""Total Reprovação no Ens. Fundamental""]}",25.0
educ_reprovacao_fundamental_anos_iniciais_pct,educ reprovacao fundamental anos iniciais pct,INEP — Taxas de rendimento escolar,https://download.inep.gov.br/informacoes_estatisticas/indicadores_educacionais/2013/taxa_rendimento/tx_rendimento_municipios_2013.zip,2013,%,Município,Taxa publicada para Localização=Total e Dependência/Rede=Total. Nenhuma média calculada entre redes.,"Taxas referem-se às escolas no município. Universo, ensino de 8/9 anos e pandemia exigem avaliação de comparabilidade. '--' é preservado como marcador da fonte.",inep_rendimento_2013,False,"{""localizacao"": ""Total"", ""rede"": ""Total""}","{""MUNICIPIOS 2013"": [""Reprovação - Anos Iniciais (1º ao 5º Ano)""]}",26.0
educ_reprovacao_fundamental_anos_finais_pct,educ reprovacao fundamental anos finais pct,INEP — Taxas de rendimento escolar,https://download.inep.gov.br/informacoes_estatisticas/indicadores_educacionais/2013/taxa_rendimento/tx_rendimento_municipios_2013.zip,2013,%,Município,Taxa publicada para Localização=Total e Dependência/Rede=Total. Nenhuma média calculada entre redes.,"Taxas referem-se às escolas no município. Universo, ensino de 8/9 anos e pandemia exigem avaliação de comparabilidade. '--' é preservado como marcador da fonte.",inep_rendimento_2013,False,"{""localizacao"": ""Total"", ""rede"": ""Total""}","{""MUNICIPIOS 2013"": [""Reprovação - Anos Finais (6º ao 9º Ano)""]}",27.0
educ_reprovacao_medio_pct,educ reprovacao medio pct,INEP — Taxas de rendimento escolar,https://download.inep.gov.br/informacoes_estatisticas/indicadores_educacionais/2013/taxa_rendimento/tx_rendimento_municipios_2013.zip,2013,%,Município,Taxa publicada para Localização=Total e Dependência/Rede=Total. Nenhuma média calculada entre redes.,"Taxas referem-se às escolas no município. Universo, ensino de 8/9 anos e pandemia exigem avaliação de comparabilidade. '--' é preservado como marcador da fonte.",inep_rendimento_2013,False,"{""localizacao"": ""Total"", ""rede"": ""Total""}","{""MUNICIPIOS 2013"": [""Taxa de Reprovação - Ensino Médio"", ""Total Reprovação no Ens. Médio""]}",37.0
educ_abandono_fundamental_pct,educ abandono fundamental pct,INEP — Taxas de rendimento escolar,https://download.inep.gov.br/informacoes_estatisticas/indicadores_educacionais/2013/taxa_rendimento/tx_rendimento_municipios_2013.zip,2013,%,Município,Taxa publicada para Localização=Total e Dependência/Rede=Total. Nenhuma média calculada entre redes.,"Taxas referem-se às escolas no município. Universo, ensino de 8/9 anos e pandemia exigem avaliação de comparabilidade. '--' é preservado como marcador da fonte.",inep_rendimento_2013,False,"{""localizacao"": ""Total"", ""rede"": ""Total""}","{""MUNICIPIOS 2013"": [""Taxa de Abandono - 2013"", ""Taxa de Abandono por Localização e a Dependência Administrativa, nos Níveis de Ensino Fundamental de 8 e 9 Anos e Médio, segundo a Unidade da Federação e seus respectivos municipios, em 2013. "", ""Taxa de Abandono - Ensino Fundamental de 8 e 9 anos"", ""Total Abandono Ens. Fundamental""]}",43.0
educ_abandono_fundamental_anos_iniciais_pct,educ abandono fundamental anos iniciais pct,INEP — Taxas de rendimento escolar,https://download.inep.gov.br/informacoes_estatisticas/indicadores_educacionais/2013/taxa_rendimento/tx_rendimento_municipios_2013.zip,2013,%,Município,Taxa publicada para Localização=Total e Dependência/Rede=Total. Nenhuma média calculada entre redes.,"Taxas referem-se às escolas no município. Universo, ensino de 8/9 anos e pandemia exigem avaliação de comparabilidade. '--' é preservado como marcador da fonte.",inep_rendimento_2013,False,"{""localizacao"": ""Total"", ""rede"": ""Total""}","{""MUNICIPIOS 2013"": [""Abandono - Anos Iniciais (1º ao 5º Ano)""]}",44.0
educ_abandono_fundamental_anos_finais_pct,educ abandono fundamental anos finais pct,INEP — Taxas de rendimento escolar,https://download.inep.gov.br/informacoes_estatisticas/indicadores_educacionais/2013/taxa_rendimento/tx_rendimento_municipios_2013.zip,2013,%,Município,Taxa publicada para Localização=Total e Dependência/Rede=Total. Nenhuma média calculada entre redes.,"Taxas referem-se às escolas no município. Universo, ensino de 8/9 anos e pandemia exigem avaliação de comparabilidade. '--' é preservado como marcador da fonte.",inep_rendimento_2013,False,"{""localizacao"": ""Total"", ""rede"": ""Total""}","{""MUNICIPIOS 2013"": [""Abandono - Anos Finais (6º ao 9º Ano)""]}",45.0
educ_abandono_medio_pct,educ abandono medio pct,INEP — Taxas de rendimento escolar,https://download.inep.gov.br/informacoes_estatisticas/indicadores_educacionais/2013/taxa_rendimento/tx_rendimento_municipios_2013.zip,2013,%,Município,Taxa publicada para Localização=Total e Dependência/Rede=Total. Nenhuma média calculada entre redes.,"Taxas referem-se às escolas no município. Universo, ensino de 8/9 anos e pandemia exigem avaliação de comparabilidade. '--' é preservado como marcador da fonte.",inep_rendimento_2013,False,"{""localizacao"": ""Total"", ""rede"": ""Total""}","{""MUNICIPIOS 2013"": [""Taxa de Abandono - Ensino Médio"", ""Total Abandono no Ens. Médio""]}",55.0
educ_aprovacao_fundamental_pct,educ aprovacao fundamental pct,INEP — Taxas de rendimento escolar,https://download.inep.gov.br/informacoes_estatisticas/indicadores_educacionais/2014/taxa_rendimento/tx_rendimento_municipios_2014.zip,2014,%,Município,Taxa publicada para Localização=Total e Dependência/Rede=Total. Nenhuma média calculada entre redes.,"Taxas referem-se às escolas no município. Universo, ensino de 8/9 anos e pandemia exigem avaliação de comparabilidade. '--' é preservado como marcador da fonte.",inep_rendimento_2014,False,"{""localizacao"": ""Total"", ""rede"": ""Total""}","{""MUNICIPIOS "": [""Taxa de Aprovação - Ensino Fundamental de 8 e 9 anos"", ""Total Aprovação no Ens. Fundamental""]}",7.0
educ_aprovacao_fundamental_anos_iniciais_pct,educ aprovacao fundamental anos iniciais pct,INEP — Taxas de rendimento escolar,https://download.inep.gov.br/informacoes_estatisticas/indicadores_educacionais/2014/taxa_rendimento/tx_rendimento_municipios_2014.zip,2014,%,Município,Taxa publicada para Localização=Total e Dependência/Rede=Total. Nenhuma média calculada entre redes.,"Taxas referem-se às escolas no município. Universo, ensino de 8/9 anos e pandemia exigem avaliação de comparabilidade. '--' é preservado como marcador da fonte.",inep_rendimento_2014,False,"{""localizacao"": ""Total"", ""rede"": ""Total""}","{""MUNICIPIOS "": [""Aprovação - Anos Iniciais (1º ao 5º Ano)""]}",8.0
educ_aprovacao_fundamental_anos_finais_pct,educ aprovacao fundamental anos finais pct,INEP — Taxas de rendimento escolar,https://download.inep.gov.br/informacoes_estatisticas/indicadores_educacionais/2014/taxa_rendimento/tx_rendimento_municipios_2014.zip,2014,%,Município,Taxa publicada para Localização=Total e Dependência/Rede=Total. Nenhuma média calculada entre redes.,"Taxas referem-se às escolas no município. Universo, ensino de 8/9 anos e pandemia exigem avaliação de comparabilidade. '--' é preservado como marcador da fonte.",inep_rendimento_2014,False,"{""localizacao"": ""Total"", ""rede"": ""Total""}","{""MUNICIPIOS "": [""Aprovação - Anos Finais (6º ao 9º Ano)""]}",9.0
educ_aprovacao_medio_pct,educ aprovacao medio pct,INEP — Taxas de rendimento escolar,https://download.inep.gov.br/informacoes_estatisticas/indicadores_educacionais/2014/taxa_rendimento/tx_rendimento_municipios_2014.zip,2014,%,Município,Taxa publicada para Localização=Total e Dependência/Rede=Total. Nenhuma média calculada entre redes.,"Taxas referem-se às escolas no município. Universo, ensino de 8/9 anos e pandemia exigem avaliação de comparabilidade. '--' é preservado como marcador da fonte.",inep_rendimento_2014,False,"{""localizacao"": ""Total"", ""rede"": ""Total""}","{""MUNICIPIOS "": [""Taxa de Aprovação - Ensino Médio"", ""Total Aprovação no Ens. Médio""]}",19.0
educ_reprovacao_fundamental_pct,educ reprovacao fundamental pct,INEP — Taxas de rendimento escolar,https://download.inep.gov.br/informacoes_estatisticas/indicadores_educacionais/2014/taxa_rendimento/tx_rendimento_municipios_2014.zip,2014,%,Município,Taxa publicada para Localização=Total e Dependência/Rede=Total. Nenhuma média calculada entre redes.,"Taxas referem-se às escolas no município. Universo, ensino de 8/9 anos e pandemia exigem avaliação de comparabilidade. '--' é preservado como marcador da fonte.",inep_rendimento_2014,False,"{""localizacao"": ""Total"", ""rede"": ""Total""}","{""MUNICIPIOS "": [""Taxa de Reprovação - 2014"", ""Taxa de Reprovação por Localização e a Dependência Administrativa, nos Níveis de Ensino Fundamental de 8 e 9 Anos e Médio, divididos por série, segundo a Unidade da Federação e seus respectivos municipios, em 2014. "", ""Taxa de Reprovação - Ensino Fundamental de 8 e 9 anos"", ""Total Reprovação no Ens. Fundamental""]}",25.0
educ_reprovacao_fundamental_anos_iniciais_pct,educ reprovacao fundamental anos iniciais pct,INEP — Taxas de rendimento escolar,https://download.inep.gov.br/informacoes_estatisticas/indicadores_educacionais/2014/taxa_rendimento/tx_rendimento_municipios_2014.zip,2014,%,Município,Taxa publicada para Localização=Total e Dependência/Rede=Total. Nenhuma média calculada entre redes.,"Taxas referem-se às escolas no município. Universo, ensino de 8/9 anos e pandemia exigem avaliação de comparabilidade. '--' é preservado como marcador da fonte.",inep_rendimento_2014,False,"{""localizacao"": ""Total"", ""rede"": ""Total""}","{""MUNICIPIOS "": [""Reprovação - Anos Iniciais (1º ao 5º Ano)""]}",26.0
educ_reprovacao_fundamental_anos_finais_pct,educ reprovacao fundamental anos finais pct,INEP — Taxas de rendimento escolar,https://download.inep.gov.br/informacoes_estatisticas/indicadores_educacionais/2014/taxa_rendimento/tx_rendimento_municipios_2014.zip,2014,%,Município,Taxa publicada para Localização=Total e Dependência/Rede=Total. Nenhuma média calculada entre redes.,"Taxas referem-se às escolas no município. Universo, ensino de 8/9 anos e pandemia exigem avaliação de comparabilidade. '--' é preservado como marcador da fonte.",inep_rendimento_2014,False,"{""localizacao"": ""Total"", ""rede"": ""Total""}","{""MUNICIPIOS "": [""Reprovação - Anos Finais (6º ao 9º Ano)""]}",27.0
educ_reprovacao_medio_pct,educ reprovacao medio pct,INEP — Taxas de rendimento escolar,https://download.inep.gov.br/informacoes_estatisticas/indicadores_educacionais/2014/taxa_rendimento/tx_rendimento_municipios_2014.zip,2014,%,Município,Taxa publicada para Localização=Total e Dependência/Rede=Total. Nenhuma média calculada entre redes.,"Taxas referem-se às escolas no município. Universo, ensino de 8/9 anos e pandemia exigem avaliação de comparabilidade. '--' é preservado como marcador da fonte.",inep_rendimento_2014,False,"{""localizacao"": ""Total"", ""rede"": ""Total""}","{""MUNICIPIOS "": [""Taxa de Reprovação - Ensino Médio"", ""Total Reprovação no Ens. Médio""]}",37.0
educ_abandono_fundamental_pct,educ abandono fundamental pct,INEP — Taxas de rendimento escolar,https://download.inep.gov.br/informacoes_estatisticas/indicadores_educacionais/2014/taxa_rendimento/tx_rendimento_municipios_2014.zip,2014,%,Município,Taxa publicada para Localização=Total e Dependência/Rede=Total. Nenhuma média calculada entre redes.,"Taxas referem-se às escolas no município. Universo, ensino de 8/9 anos e pandemia exigem avaliação de comparabilidade. '--' é preservado como marcador da fonte.",inep_rendimento_2014,False,"{""localizacao"": ""Total"", ""rede"": ""Total""}","{""MUNICIPIOS "": [""Taxa de Abandono - 2014"", ""Taxa de Abandono por Localização e a Dependência Administrativa, nos Níveis de Ensino Fundamental de 8 e 9 Anos e Médio, segundo a Unidade da Federação e seus respectivos municipios, em 2014. "", ""Taxa de Abandono - Ensino Fundamental de 8 e 9 anos"", ""Total Abandono Ens. Fundamental""]}",43.0
educ_abandono_fundamental_anos_iniciais_pct,educ abandono fundamental anos iniciais pct,INEP — Taxas de rendimento escolar,https://download.inep.gov.br/informacoes_estatisticas/indicadores_educacionais/2014/taxa_rendimento/tx_rendimento_municipios_2014.zip,2014,%,Município,Taxa publicada para Localização=Total e Dependência/Rede=Total. Nenhuma média calculada entre redes.,"Taxas referem-se às escolas no município. Universo, ensino de 8/9 anos e pandemia exigem avaliação de comparabilidade. '--' é preservado como marcador da fonte.",inep_rendimento_2014,False,"{""localizacao"": ""Total"", ""rede"": ""Total""}","{""MUNICIPIOS "": [""Abandono - Anos Iniciais (1º ao 5º Ano)""]}",44.0
educ_abandono_fundamental_anos_finais_pct,educ abandono fundamental anos finais pct,INEP — Taxas de rendimento escolar,https://download.inep.gov.br/informacoes_estatisticas/indicadores_educacionais/2014/taxa_rendimento/tx_rendimento_municipios_2014.zip,2014,%,Município,Taxa publicada para Localização=Total e Dependência/Rede=Total. Nenhuma média calculada entre redes.,"Taxas referem-se às escolas no município. Universo, ensino de 8/9 anos e pandemia exigem avaliação de comparabilidade. '--' é preservado como marcador da fonte.",inep_rendimento_2014,False,"{""localizacao"": ""Total"", ""rede"": ""Total""}","{""MUNICIPIOS "": [""Abandono - Anos Finais (6º ao 9º Ano)""]}",45.0
educ_abandono_medio_pct,educ abandono medio pct,INEP — Taxas de rendimento escolar,https://download.inep.gov.br/informacoes_estatisticas/indicadores_educacionais/2014/taxa_rendimento/tx_rendimento_municipios_2014.zip,2014,%,Município,Taxa publicada para Localização=Total e Dependência/Rede=Total. Nenhuma média calculada entre redes.,"Taxas referem-se às escolas no município. Universo, ensino de 8/9 anos e pandemia exigem avaliação de comparabilidade. '--' é preservado como marcador da fonte.",inep_rendimento_2014,False,"{""localizacao"": ""Total"", ""rede"": ""Total""}","{""MUNICIPIOS "": [""Taxa de Abandono - Ensino Médio"", ""Total Abandono no Ens. Médio""]}",55.0
educ_aprovacao_fundamental_pct,educ aprovacao fundamental pct,INEP — Taxas de rendimento escolar,https://download.inep.gov.br/informacoes_estatisticas/indicadores_educacionais/2015/taxa_rendimento/tx_rendimento_municipios_2015.zip,2015,%,Município,Taxa publicada para Localização=Total e Dependência/Rede=Total. Nenhuma média calculada entre redes.,"Taxas referem-se às escolas no município. Universo, ensino de 8/9 anos e pandemia exigem avaliação de comparabilidade. '--' é preservado como marcador da fonte.",inep_rendimento_2015,False,"{""localizacao"": ""Total"", ""rede"": ""Total""}","{""MUNICIPIOS "": [""Taxa de Aprovação - Ensino Fundamental de 8 e 9 anos"", ""Total Aprovação no Ens. Fundamental""]}",7.0
educ_aprovacao_fundamental_anos_iniciais_pct,educ aprovacao fundamental anos iniciais pct,INEP — Taxas de rendimento escolar,https://download.inep.gov.br/informacoes_estatisticas/indicadores_educacionais/2015/taxa_rendimento/tx_rendimento_municipios_2015.zip,2015,%,Município,Taxa publicada para Localização=Total e Dependência/Rede=Total. Nenhuma média calculada entre redes.,"Taxas referem-se às escolas no município. Universo, ensino de 8/9 anos e pandemia exigem avaliação de comparabilidade. '--' é preservado como marcador da fonte.",inep_rendimento_2015,False,"{""localizacao"": ""Total"", ""rede"": ""Total""}","{""MUNICIPIOS "": [""Aprovação - Anos Iniciais (1º ao 5º Ano)""]}",8.0
educ_aprovacao_fundamental_anos_finais_pct,educ aprovacao fundamental anos finais pct,INEP — Taxas de rendimento escolar,https://download.inep.gov.br/informacoes_estatisticas/indicadores_educacionais/2015/taxa_rendimento/tx_rendimento_municipios_2015.zip,2015,%,Município,Taxa publicada para Localização=Total e Dependência/Rede=Total. Nenhuma média calculada entre redes.,"Taxas referem-se às escolas no município. Universo, ensino de 8/9 anos e pandemia exigem avaliação de comparabilidade. '--' é preservado como marcador da fonte.",inep_rendimento_2015,False,"{""localizacao"": ""Total"", ""rede"": ""Total""}","{""MUNICIPIOS "": [""Aprovação - Anos Finais (6º ao 9º Ano)""]}",9.0
educ_aprovacao_medio_pct,educ aprovacao medio pct,INEP — Taxas de rendimento escolar,https://download.inep.gov.br/informacoes_estatisticas/indicadores_educacionais/2015/taxa_rendimento/tx_rendimento_municipios_2015.zip,2015,%,Município,Taxa publicada para Localização=Total e Dependência/Rede=Total. Nenhuma média calculada entre redes.,"Taxas referem-se às escolas no município. Universo, ensino de 8/9 anos e pandemia exigem avaliação de comparabilidade. '--' é preservado como marcador da fonte.",inep_rendimento_2015,False,"{""localizacao"": ""Total"", ""rede"": ""Total""}","{""MUNICIPIOS "": [""Taxa de Aprovação - Ensino Médio"", ""Total Aprovação no Ens. Médio""]}",19.0
educ_reprovacao_fundamental_pct,educ reprovacao fundamental pct,INEP — Taxas de rendimento escolar,https://download.inep.gov.br/informacoes_estatisticas/indicadores_educacionais/2015/taxa_rendimento/tx_rendimento_municipios_2015.zip,2015,%,Município,Taxa publicada para Localização=Total e Dependência/Rede=Total. Nenhuma média calculada entre redes.,"Taxas referem-se às escolas no município. Universo, ensino de 8/9 anos e pandemia exigem avaliação de comparabilidade. '--' é preservado como marcador da fonte.",inep_rendimento_2015,False,"{""localizacao"": ""Total"", ""rede"": ""Total""}","{""MUNICIPIOS "": [""Taxa de Reprovação - 2015"", ""Taxa de Reprovação por Localização e a Dependência Administrativa, nos Níveis de Ensino Fundamental de 8 e 9 Anos e Médio, divididos por série, segundo a Unidade da Federação e seus respectivos municipios, em 2015. "", ""Taxa de Reprovação - Ensino Fundamental de 8 e 9 anos"", ""Total Reprovação no Ens. Fundamental""]}",25.0
educ_reprovacao_fundamental_anos_iniciais_pct,educ reprovacao fundamental anos iniciais pct,INEP — Taxas de rendimento escolar,https://download.inep.gov.br/informacoes_estatisticas/indicadores_educacionais/2015/taxa_rendimento/tx_rendimento_municipios_2015.zip,2015,%,Município,Taxa publicada para Localização=Total e Dependência/Rede=Total. Nenhuma média calculada entre redes.,"Taxas referem-se às escolas no município. Universo, ensino de 8/9 anos e pandemia exigem avaliação de comparabilidade. '--' é preservado como marcador da fonte.",inep_rendimento_2015,False,"{""localizacao"": ""Total"", ""rede"": ""Total""}","{""MUNICIPIOS "": [""Reprovação - Anos Iniciais (1º ao 5º Ano)""]}",26.0
educ_reprovacao_fundamental_anos_finais_pct,educ reprovacao fundamental anos finais pct,INEP — Taxas de rendimento escolar,https://download.inep.gov.br/informacoes_estatisticas/indicadores_educacionais/2015/taxa_rendimento/tx_rendimento_municipios_2015.zip,2015,%,Município,Taxa publicada para Localização=Total e Dependência/Rede=Total. Nenhuma média calculada entre redes.,"Taxas referem-se às escolas no município. Universo, ensino de 8/9 anos e pandemia exigem avaliação de comparabilidade. '--' é preservado como marcador da fonte.",inep_rendimento_2015,False,"{""localizacao"": ""Total"", ""rede"": ""Total""}","{""MUNICIPIOS "": [""Reprovação - Anos Finais (6º ao 9º Ano)""]}",27.0
educ_reprovacao_medio_pct,educ reprovacao medio pct,INEP — Taxas de rendimento escolar,https://download.inep.gov.br/informacoes_estatisticas/indicadores_educacionais/2015/taxa_rendimento/tx_rendimento_municipios_2015.zip,2015,%,Município,Taxa publicada para Localização=Total e Dependência/Rede=Total. Nenhuma média calculada entre redes.,"Taxas referem-se às escolas no município. Universo, ensino de 8/9 anos e pandemia exigem avaliação de comparabilidade. '--' é preservado como marcador da fonte.",inep_rendimento_2015,False,"{""localizacao"": ""Total"", ""rede"": ""Total""}","{""MUNICIPIOS "": [""Taxa de Reprovação - Ensino Médio"", ""Total Reprovação no Ens. Médio""]}",37.0
educ_abandono_fundamental_pct,educ abandono fundamental pct,INEP — Taxas de rendimento escolar,https://download.inep.gov.br/informacoes_estatisticas/indicadores_educacionais/2015/taxa_rendimento/tx_rendimento_municipios_2015.zip,2015,%,Município,Taxa publicada para Localização=Total e Dependência/Rede=Total. Nenhuma média calculada entre redes.,"Taxas referem-se às escolas no município. Universo, ensino de 8/9 anos e pandemia exigem avaliação de comparabilidade. '--' é preservado como marcador da fonte.",inep_rendimento_2015,False,"{""localizacao"": ""Total"", ""rede"": ""Total""}","{""MUNICIPIOS "": [""Taxa de Abandono - 2015"", ""Taxa de Abandono por Localização e a Dependência Administrativa, nos Níveis de Ensino Fundamental de 8 e 9 Anos e Médio, segundo a Unidade da Federação e seus respectivos municipios, em 2015. "", ""Taxa de Abandono - Ensino Fundamental de 8 e 9 anos"", ""Total Abandono Ens. Fundamental""]}",43.0
educ_abandono_fundamental_anos_iniciais_pct,educ abandono fundamental anos iniciais pct,INEP — Taxas de rendimento escolar,https://download.inep.gov.br/informacoes_estatisticas/indicadores_educacionais/2015/taxa_rendimento/tx_rendimento_municipios_2015.zip,2015,%,Município,Taxa publicada para Localização=Total e Dependência/Rede=Total. Nenhuma média calculada entre redes.,"Taxas referem-se às escolas no município. Universo, ensino de 8/9 anos e pandemia exigem avaliação de comparabilidade. '--' é preservado como marcador da fonte.",inep_rendimento_2015,False,"{""localizacao"": ""Total"", ""rede"": ""Total""}","{""MUNICIPIOS "": [""Abandono - Anos Iniciais (1º ao 5º Ano)""]}",44.0
educ_abandono_fundamental_anos_finais_pct,educ abandono fundamental anos finais pct,INEP — Taxas de rendimento escolar,https://download.inep.gov.br/informacoes_estatisticas/indicadores_educacionais/2015/taxa_rendimento/tx_rendimento_municipios_2015.zip,2015,%,Município,Taxa publicada para Localização=Total e Dependência/Rede=Total. Nenhuma média calculada entre redes.,"Taxas referem-se às escolas no município. Universo, ensino de 8/9 anos e pandemia exigem avaliação de comparabilidade. '--' é preservado como marcador da fonte.",inep_rendimento_2015,False,"{""localizacao"": ""Total"", ""rede"": ""Total""}","{""MUNICIPIOS "": [""Abandono - Anos Finais (6º ao 9º Ano)""]}",45.0
educ_abandono_medio_pct,educ abandono medio pct,INEP — Taxas de rendimento escolar,https://download.inep.gov.br/informacoes_estatisticas/indicadores_educacionais/2015/taxa_rendimento/tx_rendimento_municipios_2015.zip,2015,%,Município,Taxa publicada para Localização=Total e Dependência/Rede=Total. Nenhuma média calculada entre redes.,"Taxas referem-se às escolas no município. Universo, ensino de 8/9 anos e pandemia exigem avaliação de comparabilidade. '--' é preservado como marcador da fonte.",inep_rendimento_2015,False,"{""localizacao"": ""Total"", ""rede"": ""Total""}","{""MUNICIPIOS "": [""Taxa de Abandono - Ensino Médio"", ""Total Abandono no Ens. Médio""]}",55.0
educ_aprovacao_fundamental_pct,educ aprovacao fundamental pct,INEP — Taxas de rendimento escolar,https://download.inep.gov.br/informacoes_estatisticas/indicadores_educacionais/2016/TAXA_REND_2016_MUNICIPIOS.zip,2016,%,Município,Taxa publicada para Localização=Total e Dependência/Rede=Total. Nenhuma média calculada entre redes.,"Taxas referem-se às escolas no município. Universo, ensino de 8/9 anos e pandemia exigem avaliação de comparabilidade. '--' é preservado como marcador da fonte.",inep_rendimento_2016,False,"{""localizacao"": ""Total"", ""rede"": ""Total""}","{""MUNICIPIOS "": [""Taxa de Aprovação"", ""Ensino Fundamental de 8 e 9 anos"", ""Total""]}",7.0
educ_aprovacao_fundamental_anos_iniciais_pct,educ aprovacao fundamental anos iniciais pct,INEP — Taxas de rendimento escolar,https://download.inep.gov.br/informacoes_estatisticas/indicadores_educacionais/2016/TAXA_REND_2016_MUNICIPIOS.zip,2016,%,Município,Taxa publicada para Localização=Total e Dependência/Rede=Total. Nenhuma média calculada entre redes.,"Taxas referem-se às escolas no município. Universo, ensino de 8/9 anos e pandemia exigem avaliação de comparabilidade. '--' é preservado como marcador da fonte.",inep_rendimento_2016,False,"{""localizacao"": ""Total"", ""rede"": ""Total""}","{""MUNICIPIOS "": [""Anos Iniciais""]}",8.0
educ_aprovacao_fundamental_anos_finais_pct,educ aprovacao fundamental anos finais pct,INEP — Taxas de rendimento escolar,https://download.inep.gov.br/informacoes_estatisticas/indicadores_educacionais/2016/TAXA_REND_2016_MUNICIPIOS.zip,2016,%,Município,Taxa publicada para Localização=Total e Dependência/Rede=Total. Nenhuma média calculada entre redes.,"Taxas referem-se às escolas no município. Universo, ensino de 8/9 anos e pandemia exigem avaliação de comparabilidade. '--' é preservado como marcador da fonte.",inep_rendimento_2016,False,"{""localizacao"": ""Total"", ""rede"": ""Total""}","{""MUNICIPIOS "": [""Anos Finais""]}",9.0
educ_aprovacao_medio_pct,educ aprovacao medio pct,INEP — Taxas de rendimento escolar,https://download.inep.gov.br/informacoes_estatisticas/indicadores_educacionais/2016/TAXA_REND_2016_MUNICIPIOS.zip,2016,%,Município,Taxa publicada para Localização=Total e Dependência/Rede=Total. Nenhuma média calculada entre redes.,"Taxas referem-se às escolas no município. Universo, ensino de 8/9 anos e pandemia exigem avaliação de comparabilidade. '--' é preservado como marcador da fonte.",inep_rendimento_2016,False,"{""localizacao"": ""Total"", ""rede"": ""Total""}","{""MUNICIPIOS "": ["" Ensino Médio"", ""Total  ""]}",19.0
educ_reprovacao_fundamental_pct,educ reprovacao fundamental pct,INEP — Taxas de rendimento escolar,https://download.inep.gov.br/informacoes_estatisticas/indicadores_educacionais/2016/TAXA_REND_2016_MUNICIPIOS.zip,2016,%,Município,Taxa publicada para Localização=Total e Dependência/Rede=Total. Nenhuma média calculada entre redes.,"Taxas referem-se às escolas no município. Universo, ensino de 8/9 anos e pandemia exigem avaliação de comparabilidade. '--' é preservado como marcador da fonte.",inep_rendimento_2016,False,"{""localizacao"": ""Total"", ""rede"": ""Total""}","{""MUNICIPIOS "": [""Taxa de Reprovação"", ""Ensino Fundamental de 8 e 9 anos"", ""Total""]}",25.0
educ_reprovacao_fundamental_anos_iniciais_pct,educ reprovacao fundamental anos iniciais pct,INEP — Taxas de rendimento escolar,https://download.inep.gov.br/informacoes_estatisticas/indicadores_educacionais/2016/TAXA_REND_2016_MUNICIPIOS.zip,2016,%,Município,Taxa publicada para Localização=Total e Dependência/Rede=Total. Nenhuma média calculada entre redes.,"Taxas referem-se às escolas no município. Universo, ensino de 8/9 anos e pandemia exigem avaliação de comparabilidade. '--' é preservado como marcador da fonte.",inep_rendimento_2016,False,"{""localizacao"": ""Total"", ""rede"": ""Total""}","{""MUNICIPIOS "": [""Anos Iniciais""]}",26.0
educ_reprovacao_fundamental_anos_finais_pct,educ reprovacao fundamental anos finais pct,INEP — Taxas de rendimento escolar,https://download.inep.gov.br/informacoes_estatisticas/indicadores_educacionais/2016/TAXA_REND_2016_MUNICIPIOS.zip,2016,%,Município,Taxa publicada para Localização=Total e Dependência/Rede=Total. Nenhuma média calculada entre redes.,"Taxas referem-se às escolas no município. Universo, ensino de 8/9 anos e pandemia exigem avaliação de comparabilidade. '--' é preservado como marcador da fonte.",inep_rendimento_2016,False,"{""localizacao"": ""Total"", ""rede"": ""Total""}","{""MUNICIPIOS "": [""Anos Finais""]}",27.0
educ_reprovacao_medio_pct,educ reprovacao medio pct,INEP — Taxas de rendimento escolar,https://download.inep.gov.br/informacoes_estatisticas/indicadores_educacionais/2016/TAXA_REND_2016_MUNICIPIOS.zip,2016,%,Município,Taxa publicada para Localização=Total e Dependência/Rede=Total. Nenhuma média calculada entre redes.,"Taxas referem-se às escolas no município. Universo, ensino de 8/9 anos e pandemia exigem avaliação de comparabilidade. '--' é preservado como marcador da fonte.",inep_rendimento_2016,False,"{""localizacao"": ""Total"", ""rede"": ""Total""}","{""MUNICIPIOS "": ["" Ensino Médio"", ""Total  ""]}",37.0
educ_abandono_fundamental_pct,educ abandono fundamental pct,INEP — Taxas de rendimento escolar,https://download.inep.gov.br/informacoes_estatisticas/indicadores_educacionais/2016/TAXA_REND_2016_MUNICIPIOS.zip,2016,%,Município,Taxa publicada para Localização=Total e Dependência/Rede=Total. Nenhuma média calculada entre redes.,"Taxas referem-se às escolas no município. Universo, ensino de 8/9 anos e pandemia exigem avaliação de comparabilidade. '--' é preservado como marcador da fonte.",inep_rendimento_2016,False,"{""localizacao"": ""Total"", ""rede"": ""Total""}","{""MUNICIPIOS "": [""Taxa de Abandono"", ""Ensino Fundamental de 8 e 9 anos"", ""Total""]}",43.0
educ_abandono_fundamental_anos_iniciais_pct,educ abandono fundamental anos iniciais pct,INEP — Taxas de rendimento escolar,https://download.inep.gov.br/informacoes_estatisticas/indicadores_educacionais/2016/TAXA_REND_2016_MUNICIPIOS.zip,2016,%,Município,Taxa publicada para Localização=Total e Dependência/Rede=Total. Nenhuma média calculada entre redes.,"Taxas referem-se às escolas no município. Universo, ensino de 8/9 anos e pandemia exigem avaliação de comparabilidade. '--' é preservado como marcador da fonte.",inep_rendimento_2016,False,"{""localizacao"": ""Total"", ""rede"": ""Total""}","{""MUNICIPIOS "": [""Anos Iniciais""]}",44.0
educ_abandono_fundamental_anos_finais_pct,educ abandono fundamental anos finais pct,INEP — Taxas de rendimento escolar,https://download.inep.gov.br/informacoes_estatisticas/indicadores_educacionais/2016/TAXA_REND_2016_MUNICIPIOS.zip,2016,%,Município,Taxa publicada para Localização=Total e Dependência/Rede=Total. Nenhuma média calculada entre redes.,"Taxas referem-se às escolas no município. Universo, ensino de 8/9 anos e pandemia exigem avaliação de comparabilidade. '--' é preservado como marcador da fonte.",inep_rendimento_2016,False,"{""localizacao"": ""Total"", ""rede"": ""Total""}","{""MUNICIPIOS "": [""Anos Finais""]}",45.0
educ_abandono_medio_pct,educ abandono medio pct,INEP — Taxas de rendimento escolar,https://download.inep.gov.br/informacoes_estatisticas/indicadores_educacionais/2016/TAXA_REND_2016_MUNICIPIOS.zip,2016,%,Município,Taxa publicada para Localização=Total e Dependência/Rede=Total. Nenhuma média calculada entre redes.,"Taxas referem-se às escolas no município. Universo, ensino de 8/9 anos e pandemia exigem avaliação de comparabilidade. '--' é preservado como marcador da fonte.",inep_rendimento_2016,False,"{""localizacao"": ""Total"", ""rede"": ""Total""}","{""MUNICIPIOS "": ["" Ensino Médio"", ""Total  ""]}",55.0
educ_aprovacao_fundamental_pct,educ aprovacao fundamental pct,INEP — Taxas de rendimento escolar,https://download.inep.gov.br/informacoes_estatisticas/indicadores_educacionais/2017/TAXA_REND_2017_MUNICIPIOS.zip,2017,%,Município,Taxa publicada para Localização=Total e Dependência/Rede=Total. Nenhuma média calculada entre redes.,"Taxas referem-se às escolas no município. Universo, ensino de 8/9 anos e pandemia exigem avaliação de comparabilidade. '--' é preservado como marcador da fonte.",inep_rendimento_2017,False,"{""localizacao"": ""Total"", ""rede"": ""Total""}","{""MUNICIPIOS "": [""Taxa de Aprovação"", ""Ensino Fundamental de 8 e 9 anos"", ""Total""]}",7.0
educ_aprovacao_fundamental_anos_iniciais_pct,educ aprovacao fundamental anos iniciais pct,INEP — Taxas de rendimento escolar,https://download.inep.gov.br/informacoes_estatisticas/indicadores_educacionais/2017/TAXA_REND_2017_MUNICIPIOS.zip,2017,%,Município,Taxa publicada para Localização=Total e Dependência/Rede=Total. Nenhuma média calculada entre redes.,"Taxas referem-se às escolas no município. Universo, ensino de 8/9 anos e pandemia exigem avaliação de comparabilidade. '--' é preservado como marcador da fonte.",inep_rendimento_2017,False,"{""localizacao"": ""Total"", ""rede"": ""Total""}","{""MUNICIPIOS "": [""Anos Iniciais""]}",8.0
educ_aprovacao_fundamental_anos_finais_pct,educ aprovacao fundamental anos finais pct,INEP — Taxas de rendimento escolar,https://download.inep.gov.br/informacoes_estatisticas/indicadores_educacionais/2017/TAXA_REND_2017_MUNICIPIOS.zip,2017,%,Município,Taxa publicada para Localização=Total e Dependência/Rede=Total. Nenhuma média calculada entre redes.,"Taxas referem-se às escolas no município. Universo, ensino de 8/9 anos e pandemia exigem avaliação de comparabilidade. '--' é preservado como marcador da fonte.",inep_rendimento_2017,False,"{""localizacao"": ""Total"", ""rede"": ""Total""}","{""MUNICIPIOS "": [""Anos Finais""]}",9.0
educ_aprovacao_medio_pct,educ aprovacao medio pct,INEP — Taxas de rendimento escolar,https://download.inep.gov.br/informacoes_estatisticas/indicadores_educacionais/2017/TAXA_REND_2017_MUNICIPIOS.zip,2017,%,Município,Taxa publicada para Localização=Total e Dependência/Rede=Total. Nenhuma média calculada entre redes.,"Taxas referem-se às escolas no município. Universo, ensino de 8/9 anos e pandemia exigem avaliação de comparabilidade. '--' é preservado como marcador da fonte.",inep_rendimento_2017,False,"{""localizacao"": ""Total"", ""rede"": ""Total""}","{""MUNICIPIOS "": ["" Ensino Médio"", ""Total  ""]}",19.0
educ_reprovacao_fundamental_pct,educ reprovacao fundamental pct,INEP — Taxas de rendimento escolar,https://download.inep.gov.br/informacoes_estatisticas/indicadores_educacionais/2017/TAXA_REND_2017_MUNICIPIOS.zip,2017,%,Município,Taxa publicada para Localização=Total e Dependência/Rede=Total. Nenhuma média calculada entre redes.,"Taxas referem-se às escolas no município. Universo, ensino de 8/9 anos e pandemia exigem avaliação de comparabilidade. '--' é preservado como marcador da fonte.",inep_rendimento_2017,False,"{""localizacao"": ""Total"", ""rede"": ""Total""}","{""MUNICIPIOS "": [""Taxa de Reprovação"", ""Ensino Fundamental de 8 e 9 anos"", ""Total""]}",25.0
educ_reprovacao_fundamental_anos_iniciais_pct,educ reprovacao fundamental anos iniciais pct,INEP — Taxas de rendimento escolar,https://download.inep.gov.br/informacoes_estatisticas/indicadores_educacionais/2017/TAXA_REND_2017_MUNICIPIOS.zip,2017,%,Município,Taxa publicada para Localização=Total e Dependência/Rede=Total. Nenhuma média calculada entre redes.,"Taxas referem-se às escolas no município. Universo, ensino de 8/9 anos e pandemia exigem avaliação de comparabilidade. '--' é preservado como marcador da fonte.",inep_rendimento_2017,False,"{""localizacao"": ""Total"", ""rede"": ""Total""}","{""MUNICIPIOS "": [""Anos Iniciais""]}",26.0
educ_reprovacao_fundamental_anos_finais_pct,educ reprovacao fundamental anos finais pct,INEP — Taxas de rendimento escolar,https://download.inep.gov.br/informacoes_estatisticas/indicadores_educacionais/2017/TAXA_REND_2017_MUNICIPIOS.zip,2017,%,Município,Taxa publicada para Localização=Total e Dependência/Rede=Total. Nenhuma média calculada entre redes.,"Taxas referem-se às escolas no município. Universo, ensino de 8/9 anos e pandemia exigem avaliação de comparabilidade. '--' é preservado como marcador da fonte.",inep_rendimento_2017,False,"{""localizacao"": ""Total"", ""rede"": ""Total""}","{""MUNICIPIOS "": [""Anos Finais""]}",27.0
educ_reprovacao_medio_pct,educ reprovacao medio pct,INEP — Taxas de rendimento escolar,https://download.inep.gov.br/informacoes_estatisticas/indicadores_educacionais/2017/TAXA_REND_2017_MUNICIPIOS.zip,2017,%,Município,Taxa publicada para Localização=Total e Dependência/Rede=Total. Nenhuma média calculada entre redes.,"Taxas referem-se às escolas no município. Universo, ensino de 8/9 anos e pandemia exigem avaliação de comparabilidade. '--' é preservado como marcador da fonte.",inep_rendimento_2017,False,"{""localizacao"": ""Total"", ""rede"": ""Total""}","{""MUNICIPIOS "": ["" Ensino Médio"", ""Total  ""]}",37.0
educ_abandono_fundamental_pct,educ abandono fundamental pct,INEP — Taxas de rendimento escolar,https://download.inep.gov.br/informacoes_estatisticas/indicadores_educacionais/2017/TAXA_REND_2017_MUNICIPIOS.zip,2017,%,Município,Taxa publicada para Localização=Total e Dependência/Rede=Total. Nenhuma média calculada entre redes.,"Taxas referem-se às escolas no município. Universo, ensino de 8/9 anos e pandemia exigem avaliação de comparabilidade. '--' é preservado como marcador da fonte.",inep_rendimento_2017,False,"{""localizacao"": ""Total"", ""rede"": ""Total""}","{""MUNICIPIOS "": [""Taxa de Abandono"", ""Ensino Fundamental de 8 e 9 anos"", ""Total""]}",43.0
educ_abandono_fundamental_anos_iniciais_pct,educ abandono fundamental anos iniciais pct,INEP — Taxas de rendimento escolar,https://download.inep.gov.br/informacoes_estatisticas/indicadores_educacionais/2017/TAXA_REND_2017_MUNICIPIOS.zip,2017,%,Município,Taxa publicada para Localização=Total e Dependência/Rede=Total. Nenhuma média calculada entre redes.,"Taxas referem-se às escolas no município. Universo, ensino de 8/9 anos e pandemia exigem avaliação de comparabilidade. '--' é preservado como marcador da fonte.",inep_rendimento_2017,False,"{""localizacao"": ""Total"", ""rede"": ""Total""}","{""MUNICIPIOS "": [""Anos Iniciais""]}",44.0
educ_abandono_fundamental_anos_finais_pct,educ abandono fundamental anos finais pct,INEP — Taxas de rendimento escolar,https://download.inep.gov.br/informacoes_estatisticas/indicadores_educacionais/2017/TAXA_REND_2017_MUNICIPIOS.zip,2017,%,Município,Taxa publicada para Localização=Total e Dependência/Rede=Total. Nenhuma média calculada entre redes.,"Taxas referem-se às escolas no município. Universo, ensino de 8/9 anos e pandemia exigem avaliação de comparabilidade. '--' é preservado como marcador da fonte.",inep_rendimento_2017,False,"{""localizacao"": ""Total"", ""rede"": ""Total""}","{""MUNICIPIOS "": [""Anos Finais""]}",45.0
educ_abandono_medio_pct,educ abandono medio pct,INEP — Taxas de rendimento escolar,https://download.inep.gov.br/informacoes_estatisticas/indicadores_educacionais/2017/TAXA_REND_2017_MUNICIPIOS.zip,2017,%,Município,Taxa publicada para Localização=Total e Dependência/Rede=Total. Nenhuma média calculada entre redes.,"Taxas referem-se às escolas no município. Universo, ensino de 8/9 anos e pandemia exigem avaliação de comparabilidade. '--' é preservado como marcador da fonte.",inep_rendimento_2017,False,"{""localizacao"": ""Total"", ""rede"": ""Total""}","{""MUNICIPIOS "": ["" Ensino Médio"", ""Total  ""]}",55.0
educ_aprovacao_fundamental_pct,educ aprovacao fundamental pct,INEP — Taxas de rendimento escolar,https://download.inep.gov.br/informacoes_estatisticas/indicadores_educacionais/2018/TX_REND_MUNICIPIOS_2018.zip,2018,%,Município,Taxa publicada para Localização=Total e Dependência/Rede=Total. Nenhuma média calculada entre redes.,"Taxas referem-se às escolas no município. Universo, ensino de 8/9 anos e pandemia exigem avaliação de comparabilidade. '--' é preservado como marcador da fonte.",inep_rendimento_2018,False,"{""localizacao"": ""Total"", ""rede"": ""Total""}","{""MUNICIPIOS "": [""Taxa de Aprovação"", ""Ensino Fundamental de 8 e 9 anos"", ""Total""]}",7.0
educ_aprovacao_fundamental_anos_iniciais_pct,educ aprovacao fundamental anos iniciais pct,INEP — Taxas de rendimento escolar,https://download.inep.gov.br/informacoes_estatisticas/indicadores_educacionais/2018/TX_REND_MUNICIPIOS_2018.zip,2018,%,Município,Taxa publicada para Localização=Total e Dependência/Rede=Total. Nenhuma média calculada entre redes.,"Taxas referem-se às escolas no município. Universo, ensino de 8/9 anos e pandemia exigem avaliação de comparabilidade. '--' é preservado como marcador da fonte.",inep_rendimento_2018,False,"{""localizacao"": ""Total"", ""rede"": ""Total""}","{""MUNICIPIOS "": [""Anos Iniciais""]}",8.0
educ_aprovacao_fundamental_anos_finais_pct,educ aprovacao fundamental anos finais pct,INEP — Taxas de rendimento escolar,https://download.inep.gov.br/informacoes_estatisticas/indicadores_educacionais/2018/TX_REND_MUNICIPIOS_2018.zip,2018,%,Município,Taxa publicada para Localização=Total e Dependência/Rede=Total. Nenhuma média calculada entre redes.,"Taxas referem-se às escolas no município. Universo, ensino de 8/9 anos e pandemia exigem avaliação de comparabilidade. '--' é preservado como marcador da fonte.",inep_rendimento_2018,False,"{""localizacao"": ""Total"", ""rede"": ""Total""}","{""MUNICIPIOS "": [""Anos Finais""]}",9.0
educ_aprovacao_medio_pct,educ aprovacao medio pct,INEP — Taxas de rendimento escolar,https://download.inep.gov.br/informacoes_estatisticas/indicadores_educacionais/2018/TX_REND_MUNICIPIOS_2018.zip,2018,%,Município,Taxa publicada para Localização=Total e Dependência/Rede=Total. Nenhuma média calculada entre redes.,"Taxas referem-se às escolas no município. Universo, ensino de 8/9 anos e pandemia exigem avaliação de comparabilidade. '--' é preservado como marcador da fonte.",inep_rendimento_2018,False,"{""localizacao"": ""Total"", ""rede"": ""Total""}","{""MUNICIPIOS "": ["" Ensino Médio"", ""Total  ""]}",19.0
educ_reprovacao_fundamental_pct,educ reprovacao fundamental pct,INEP — Taxas de rendimento escolar,https://download.inep.gov.br/informacoes_estatisticas/indicadores_educacionais/2018/TX_REND_MUNICIPIOS_2018.zip,2018,%,Município,Taxa publicada para Localização=Total e Dependência/Rede=Total. Nenhuma média calculada entre redes.,"Taxas referem-se às escolas no município. Universo, ensino de 8/9 anos e pandemia exigem avaliação de comparabilidade. '--' é preservado como marcador da fonte.",inep_rendimento_2018,False,"{""localizacao"": ""Total"", ""rede"": ""Total""}","{""MUNICIPIOS "": [""Taxa de Reprovação"", ""Ensino Fundamental de 8 e 9 anos"", ""Total""]}",25.0
educ_reprovacao_fundamental_anos_iniciais_pct,educ reprovacao fundamental anos iniciais pct,INEP — Taxas de rendimento escolar,https://download.inep.gov.br/informacoes_estatisticas/indicadores_educacionais/2018/TX_REND_MUNICIPIOS_2018.zip,2018,%,Município,Taxa publicada para Localização=Total e Dependência/Rede=Total. Nenhuma média calculada entre redes.,"Taxas referem-se às escolas no município. Universo, ensino de 8/9 anos e pandemia exigem avaliação de comparabilidade. '--' é preservado como marcador da fonte.",inep_rendimento_2018,False,"{""localizacao"": ""Total"", ""rede"": ""Total""}","{""MUNICIPIOS "": [""Anos Iniciais""]}",26.0
educ_reprovacao_fundamental_anos_finais_pct,educ reprovacao fundamental anos finais pct,INEP — Taxas de rendimento escolar,https://download.inep.gov.br/informacoes_estatisticas/indicadores_educacionais/2018/TX_REND_MUNICIPIOS_2018.zip,2018,%,Município,Taxa publicada para Localização=Total e Dependência/Rede=Total. Nenhuma média calculada entre redes.,"Taxas referem-se às escolas no município. Universo, ensino de 8/9 anos e pandemia exigem avaliação de comparabilidade. '--' é preservado como marcador da fonte.",inep_rendimento_2018,False,"{""localizacao"": ""Total"", ""rede"": ""Total""}","{""MUNICIPIOS "": [""Anos Finais""]}",27.0
educ_reprovacao_medio_pct,educ reprovacao medio pct,INEP — Taxas de rendimento escolar,https://download.inep.gov.br/informacoes_estatisticas/indicadores_educacionais/2018/TX_REND_MUNICIPIOS_2018.zip,2018,%,Município,Taxa publicada para Localização=Total e Dependência/Rede=Total. Nenhuma média calculada entre redes.,"Taxas referem-se às escolas no município. Universo, ensino de 8/9 anos e pandemia exigem avaliação de comparabilidade. '--' é preservado como marcador da fonte.",inep_rendimento_2018,False,"{""localizacao"": ""Total"", ""rede"": ""Total""}","{""MUNICIPIOS "": ["" Ensino Médio"", ""Total  ""]}",37.0
educ_abandono_fundamental_pct,educ abandono fundamental pct,INEP — Taxas de rendimento escolar,https://download.inep.gov.br/informacoes_estatisticas/indicadores_educacionais/2018/TX_REND_MUNICIPIOS_2018.zip,2018,%,Município,Taxa publicada para Localização=Total e Dependência/Rede=Total. Nenhuma média calculada entre redes.,"Taxas referem-se às escolas no município. Universo, ensino de 8/9 anos e pandemia exigem avaliação de comparabilidade. '--' é preservado como marcador da fonte.",inep_rendimento_2018,False,"{""localizacao"": ""Total"", ""rede"": ""Total""}","{""MUNICIPIOS "": [""Taxa de Abandono"", ""Ensino Fundamental de 8 e 9 anos"", ""Total""]}",43.0
educ_abandono_fundamental_anos_iniciais_pct,educ abandono fundamental anos iniciais pct,INEP — Taxas de rendimento escolar,https://download.inep.gov.br/informacoes_estatisticas/indicadores_educacionais/2018/TX_REND_MUNICIPIOS_2018.zip,2018,%,Município,Taxa publicada para Localização=Total e Dependência/Rede=Total. Nenhuma média calculada entre redes.,"Taxas referem-se às escolas no município. Universo, ensino de 8/9 anos e pandemia exigem avaliação de comparabilidade. '--' é preservado como marcador da fonte.",inep_rendimento_2018,False,"{""localizacao"": ""Total"", ""rede"": ""Total""}","{""MUNICIPIOS "": [""Anos Iniciais""]}",44.0
educ_abandono_fundamental_anos_finais_pct,educ abandono fundamental anos finais pct,INEP — Taxas de rendimento escolar,https://download.inep.gov.br/informacoes_estatisticas/indicadores_educacionais/2018/TX_REND_MUNICIPIOS_2018.zip,2018,%,Município,Taxa publicada para Localização=Total e Dependência/Rede=Total. Nenhuma média calculada entre redes.,"Taxas referem-se às escolas no município. Universo, ensino de 8/9 anos e pandemia exigem avaliação de comparabilidade. '--' é preservado como marcador da fonte.",inep_rendimento_2018,False,"{""localizacao"": ""Total"", ""rede"": ""Total""}","{""MUNICIPIOS "": [""Anos Finais""]}",45.0
educ_abandono_medio_pct,educ abandono medio pct,INEP — Taxas de rendimento escolar,https://download.inep.gov.br/informacoes_estatisticas/indicadores_educacionais/2018/TX_REND_MUNICIPIOS_2018.zip,2018,%,Município,Taxa publicada para Localização=Total e Dependência/Rede=Total. Nenhuma média calculada entre redes.,"Taxas referem-se às escolas no município. Universo, ensino de 8/9 anos e pandemia exigem avaliação de comparabilidade. '--' é preservado como marcador da fonte.",inep_rendimento_2018,False,"{""localizacao"": ""Total"", ""rede"": ""Total""}","{""MUNICIPIOS "": ["" Ensino Médio"", ""Total  ""]}",55.0
educ_aprovacao_fundamental_pct,educ aprovacao fundamental pct,INEP — Taxas de rendimento escolar,https://download.inep.gov.br/informacoes_estatisticas/indicadores_educacionais/2019/tx_rend_municipios_2019.zip,2019,%,Município,Taxa publicada para Localização=Total e Dependência/Rede=Total. Nenhuma média calculada entre redes.,"Taxas referem-se às escolas no município. Universo, ensino de 8/9 anos e pandemia exigem avaliação de comparabilidade. '--' é preservado como marcador da fonte.",inep_rendimento_2019,False,"{""localizacao"": ""Total"", ""rede"": ""Total""}","{""MUNICIPIOS "": [""Taxa de Aprovação"", ""Ensino Fundamental de 8 e 9 anos"", ""Total""]}",7.0
educ_aprovacao_fundamental_anos_iniciais_pct,educ aprovacao fundamental anos iniciais pct,INEP — Taxas de rendimento escolar,https://download.inep.gov.br/informacoes_estatisticas/indicadores_educacionais/2019/tx_rend_municipios_2019.zip,2019,%,Município,Taxa publicada para Localização=Total e Dependência/Rede=Total. Nenhuma média calculada entre redes.,"Taxas referem-se às escolas no município. Universo, ensino de 8/9 anos e pandemia exigem avaliação de comparabilidade. '--' é preservado como marcador da fonte.",inep_rendimento_2019,False,"{""localizacao"": ""Total"", ""rede"": ""Total""}","{""MUNICIPIOS "": [""Anos Iniciais""]}",8.0
educ_aprovacao_fundamental_anos_finais_pct,educ aprovacao fundamental anos finais pct,INEP — Taxas de rendimento escolar,https://download.inep.gov.br/informacoes_estatisticas/indicadores_educacionais/2019/tx_rend_municipios_2019.zip,2019,%,Município,Taxa publicada para Localização=Total e Dependência/Rede=Total. Nenhuma média calculada entre redes.,"Taxas referem-se às escolas no município. Universo, ensino de 8/9 anos e pandemia exigem avaliação de comparabilidade. '--' é preservado como marcador da fonte.",inep_rendimento_2019,False,"{""localizacao"": ""Total"", ""rede"": ""Total""}","{""MUNICIPIOS "": [""Anos Finais""]}",9.0
educ_aprovacao_medio_pct,educ aprovacao medio pct,INEP — Taxas de rendimento escolar,https://download.inep.gov.br/informacoes_estatisticas/indicadores_educacionais/2019/tx_rend_municipios_2019.zip,2019,%,Município,Taxa publicada para Localização=Total e Dependência/Rede=Total. Nenhuma média calculada entre redes.,"Taxas referem-se às escolas no município. Universo, ensino de 8/9 anos e pandemia exigem avaliação de comparabilidade. '--' é preservado como marcador da fonte.",inep_rendimento_2019,False,"{""localizacao"": ""Total"", ""rede"": ""Total""}","{""MUNICIPIOS "": ["" Ensino Médio"", ""Total  ""]}",19.0
educ_reprovacao_fundamental_pct,educ reprovacao fundamental pct,INEP — Taxas de rendimento escolar,https://download.inep.gov.br/informacoes_estatisticas/indicadores_educacionais/2019/tx_rend_municipios_2019.zip,2019,%,Município,Taxa publicada para Localização=Total e Dependência/Rede=Total. Nenhuma média calculada entre redes.,"Taxas referem-se às escolas no município. Universo, ensino de 8/9 anos e pandemia exigem avaliação de comparabilidade. '--' é preservado como marcador da fonte.",inep_rendimento_2019,False,"{""localizacao"": ""Total"", ""rede"": ""Total""}","{""MUNICIPIOS "": [""Taxa de Reprovação"", ""Ensino Fundamental de 8 e 9 anos"", ""Total""]}",25.0
educ_reprovacao_fundamental_anos_iniciais_pct,educ reprovacao fundamental anos iniciais pct,INEP — Taxas de rendimento escolar,https://download.inep.gov.br/informacoes_estatisticas/indicadores_educacionais/2019/tx_rend_municipios_2019.zip,2019,%,Município,Taxa publicada para Localização=Total e Dependência/Rede=Total. Nenhuma média calculada entre redes.,"Taxas referem-se às escolas no município. Universo, ensino de 8/9 anos e pandemia exigem avaliação de comparabilidade. '--' é preservado como marcador da fonte.",inep_rendimento_2019,False,"{""localizacao"": ""Total"", ""rede"": ""Total""}","{""MUNICIPIOS "": [""Anos Iniciais""]}",26.0
educ_reprovacao_fundamental_anos_finais_pct,educ reprovacao fundamental anos finais pct,INEP — Taxas de rendimento escolar,https://download.inep.gov.br/informacoes_estatisticas/indicadores_educacionais/2019/tx_rend_municipios_2019.zip,2019,%,Município,Taxa publicada para Localização=Total e Dependência/Rede=Total. Nenhuma média calculada entre redes.,"Taxas referem-se às escolas no município. Universo, ensino de 8/9 anos e pandemia exigem avaliação de comparabilidade. '--' é preservado como marcador da fonte.",inep_rendimento_2019,False,"{""localizacao"": ""Total"", ""rede"": ""Total""}","{""MUNICIPIOS "": [""Anos Finais""]}",27.0
educ_reprovacao_medio_pct,educ reprovacao medio pct,INEP — Taxas de rendimento escolar,https://download.inep.gov.br/informacoes_estatisticas/indicadores_educacionais/2019/tx_rend_municipios_2019.zip,2019,%,Município,Taxa publicada para Localização=Total e Dependência/Rede=Total. Nenhuma média calculada entre redes.,"Taxas referem-se às escolas no município. Universo, ensino de 8/9 anos e pandemia exigem avaliação de comparabilidade. '--' é preservado como marcador da fonte.",inep_rendimento_2019,False,"{""localizacao"": ""Total"", ""rede"": ""Total""}","{""MUNICIPIOS "": ["" Ensino Médio"", ""Total  ""]}",37.0
educ_abandono_fundamental_pct,educ abandono fundamental pct,INEP — Taxas de rendimento escolar,https://download.inep.gov.br/informacoes_estatisticas/indicadores_educacionais/2019/tx_rend_municipios_2019.zip,2019,%,Município,Taxa publicada para Localização=Total e Dependência/Rede=Total. Nenhuma média calculada entre redes.,"Taxas referem-se às escolas no município. Universo, ensino de 8/9 anos e pandemia exigem avaliação de comparabilidade. '--' é preservado como marcador da fonte.",inep_rendimento_2019,False,"{""localizacao"": ""Total"", ""rede"": ""Total""}","{""MUNICIPIOS "": [""Taxa de Abandono"", ""Ensino Fundamental de 8 e 9 anos"", ""Total""]}",43.0
educ_abandono_fundamental_anos_iniciais_pct,educ abandono fundamental anos iniciais pct,INEP — Taxas de rendimento escolar,https://download.inep.gov.br/informacoes_estatisticas/indicadores_educacionais/2019/tx_rend_municipios_2019.zip,2019,%,Município,Taxa publicada para Localização=Total e Dependência/Rede=Total. Nenhuma média calculada entre redes.,"Taxas referem-se às escolas no município. Universo, ensino de 8/9 anos e pandemia exigem avaliação de comparabilidade. '--' é preservado como marcador da fonte.",inep_rendimento_2019,False,"{""localizacao"": ""Total"", ""rede"": ""Total""}","{""MUNICIPIOS "": [""Anos Iniciais""]}",44.0
educ_abandono_fundamental_anos_finais_pct,educ abandono fundamental anos finais pct,INEP — Taxas de rendimento escolar,https://download.inep.gov.br/informacoes_estatisticas/indicadores_educacionais/2019/tx_rend_municipios_2019.zip,2019,%,Município,Taxa publicada para Localização=Total e Dependência/Rede=Total. Nenhuma média calculada entre redes.,"Taxas referem-se às escolas no município. Universo, ensino de 8/9 anos e pandemia exigem avaliação de comparabilidade. '--' é preservado como marcador da fonte.",inep_rendimento_2019,False,"{""localizacao"": ""Total"", ""rede"": ""Total""}","{""MUNICIPIOS "": [""Anos Finais""]}",45.0
educ_abandono_medio_pct,educ abandono medio pct,INEP — Taxas de rendimento escolar,https://download.inep.gov.br/informacoes_estatisticas/indicadores_educacionais/2019/tx_rend_municipios_2019.zip,2019,%,Município,Taxa publicada para Localização=Total e Dependência/Rede=Total. Nenhuma média calculada entre redes.,"Taxas referem-se às escolas no município. Universo, ensino de 8/9 anos e pandemia exigem avaliação de comparabilidade. '--' é preservado como marcador da fonte.",inep_rendimento_2019,False,"{""localizacao"": ""Total"", ""rede"": ""Total""}","{""MUNICIPIOS "": ["" Ensino Médio"", ""Total  ""]}",55.0
educ_aprovacao_fundamental_pct,educ aprovacao fundamental pct,INEP — Taxas de rendimento escolar,https://download.inep.gov.br/informacoes_estatisticas/indicadores_educacionais/2020/tx_rend_municipios_2020.zip,2020,%,Município,Taxa publicada para Localização=Total e Dependência/Rede=Total. Nenhuma média calculada entre redes.,"Taxas referem-se às escolas no município. Universo, ensino de 8/9 anos e pandemia exigem avaliação de comparabilidade. '--' é preservado como marcador da fonte.",inep_rendimento_2020,False,"{""localizacao"": ""Total"", ""rede"": ""Total""}","{""MUNICIPIOS "": [""Taxa de Aprovação"", ""Ensino Fundamental de 8 e 9 anos"", ""Total"", ""1_CAT_FUN""]}",7.0
educ_aprovacao_fundamental_anos_iniciais_pct,educ aprovacao fundamental anos iniciais pct,INEP — Taxas de rendimento escolar,https://download.inep.gov.br/informacoes_estatisticas/indicadores_educacionais/2020/tx_rend_municipios_2020.zip,2020,%,Município,Taxa publicada para Localização=Total e Dependência/Rede=Total. Nenhuma média calculada entre redes.,"Taxas referem-se às escolas no município. Universo, ensino de 8/9 anos e pandemia exigem avaliação de comparabilidade. '--' é preservado como marcador da fonte.",inep_rendimento_2020,False,"{""localizacao"": ""Total"", ""rede"": ""Total""}","{""MUNICIPIOS "": [""Anos Iniciais"", ""1_CAT_FUN_AI""]}",8.0
educ_aprovacao_fundamental_anos_finais_pct,educ aprovacao fundamental anos finais pct,INEP — Taxas de rendimento escolar,https://download.inep.gov.br/informacoes_estatisticas/indicadores_educacionais/2020/tx_rend_municipios_2020.zip,2020,%,Município,Taxa publicada para Localização=Total e Dependência/Rede=Total. Nenhuma média calculada entre redes.,"Taxas referem-se às escolas no município. Universo, ensino de 8/9 anos e pandemia exigem avaliação de comparabilidade. '--' é preservado como marcador da fonte.",inep_rendimento_2020,False,"{""localizacao"": ""Total"", ""rede"": ""Total""}","{""MUNICIPIOS "": [""Anos Finais"", ""1_CAT_FUN_AF""]}",9.0
educ_aprovacao_medio_pct,educ aprovacao medio pct,INEP — Taxas de rendimento escolar,https://download.inep.gov.br/informacoes_estatisticas/indicadores_educacionais/2020/tx_rend_municipios_2020.zip,2020,%,Município,Taxa publicada para Localização=Total e Dependência/Rede=Total. Nenhuma média calculada entre redes.,"Taxas referem-se às escolas no município. Universo, ensino de 8/9 anos e pandemia exigem avaliação de comparabilidade. '--' é preservado como marcador da fonte.",inep_rendimento_2020,False,"{""localizacao"": ""Total"", ""rede"": ""Total""}","{""MUNICIPIOS "": ["" Ensino Médio"", ""Total  "", ""1_CAT_MED""]}",19.0
educ_reprovacao_fundamental_pct,educ reprovacao fundamental pct,INEP — Taxas de rendimento escolar,https://download.inep.gov.br/informacoes_estatisticas/indicadores_educacionais/2020/tx_rend_municipios_2020.zip,2020,%,Município,Taxa publicada para Localização=Total e Dependência/Rede=Total. Nenhuma média calculada entre redes.,"Taxas referem-se às escolas no município. Universo, ensino de 8/9 anos e pandemia exigem avaliação de comparabilidade. '--' é preservado como marcador da fonte.",inep_rendimento_2020,False,"{""localizacao"": ""Total"", ""rede"": ""Total""}","{""MUNICIPIOS "": [""Taxa de Reprovação"", ""Ensino Fundamental de 8 e 9 anos"", ""Total"", ""2_CAT_FUN""]}",25.0
educ_reprovacao_fundamental_anos_iniciais_pct,educ reprovacao fundamental anos iniciais pct,INEP — Taxas de rendimento escolar,https://download.inep.gov.br/informacoes_estatisticas/indicadores_educacionais/2020/tx_rend_municipios_2020.zip,2020,%,Município,Taxa publicada para Localização=Total e Dependência/Rede=Total. Nenhuma média calculada entre redes.,"Taxas referem-se às escolas no município. Universo, ensino de 8/9 anos e pandemia exigem avaliação de comparabilidade. '--' é preservado como marcador da fonte.",inep_rendimento_2020,False,"{""localizacao"": ""Total"", ""rede"": ""Total""}","{""MUNICIPIOS "": [""Anos Iniciais"", ""2_CAT_FUN_AI""]}",26.0
educ_reprovacao_fundamental_anos_finais_pct,educ reprovacao fundamental anos finais pct,INEP — Taxas de rendimento escolar,https://download.inep.gov.br/informacoes_estatisticas/indicadores_educacionais/2020/tx_rend_municipios_2020.zip,2020,%,Município,Taxa publicada para Localização=Total e Dependência/Rede=Total. Nenhuma média calculada entre redes.,"Taxas referem-se às escolas no município. Universo, ensino de 8/9 anos e pandemia exigem avaliação de comparabilidade. '--' é preservado como marcador da fonte.",inep_rendimento_2020,False,"{""localizacao"": ""Total"", ""rede"": ""Total""}","{""MUNICIPIOS "": [""Anos Finais"", ""2_CAT_FUN_AF""]}",27.0
educ_reprovacao_medio_pct,educ reprovacao medio pct,INEP — Taxas de rendimento escolar,https://download.inep.gov.br/informacoes_estatisticas/indicadores_educacionais/2020/tx_rend_municipios_2020.zip,2020,%,Município,Taxa publicada para Localização=Total e Dependência/Rede=Total. Nenhuma média calculada entre redes.,"Taxas referem-se às escolas no município. Universo, ensino de 8/9 anos e pandemia exigem avaliação de comparabilidade. '--' é preservado como marcador da fonte.",inep_rendimento_2020,False,"{""localizacao"": ""Total"", ""rede"": ""Total""}","{""MUNICIPIOS "": ["" Ensino Médio"", ""Total  "", ""2_CAT_MED""]}",37.0
educ_abandono_fundamental_pct,educ abandono fundamental pct,INEP — Taxas de rendimento escolar,https://download.inep.gov.br/informacoes_estatisticas/indicadores_educacionais/2020/tx_rend_municipios_2020.zip,2020,%,Município,Taxa publicada para Localização=Total e Dependência/Rede=Total. Nenhuma média calculada entre redes.,"Taxas referem-se às escolas no município. Universo, ensino de 8/9 anos e pandemia exigem avaliação de comparabilidade. '--' é preservado como marcador da fonte.",inep_rendimento_2020,False,"{""localizacao"": ""Total"", ""rede"": ""Total""}","{""MUNICIPIOS "": [""Taxa de Abandono"", ""Ensino Fundamental de 8 e 9 anos"", ""Total"", ""3_CAT_FUN""]}",43.0
educ_abandono_fundamental_anos_iniciais_pct,educ abandono fundamental anos iniciais pct,INEP — Taxas de rendimento escolar,https://download.inep.gov.br/informacoes_estatisticas/indicadores_educacionais/2020/tx_rend_municipios_2020.zip,2020,%,Município,Taxa publicada para Localização=Total e Dependência/Rede=Total. Nenhuma média calculada entre redes.,"Taxas referem-se às escolas no município. Universo, ensino de 8/9 anos e pandemia exigem avaliação de comparabilidade. '--' é preservado como marcador da fonte.",inep_rendimento_2020,False,"{""localizacao"": ""Total"", ""rede"": ""Total""}","{""MUNICIPIOS "": [""Anos Iniciais"", ""3_CAT_FUN_AI""]}",44.0
educ_abandono_fundamental_anos_finais_pct,educ abandono fundamental anos finais pct,INEP — Taxas de rendimento escolar,https://download.inep.gov.br/informacoes_estatisticas/indicadores_educacionais/2020/tx_rend_municipios_2020.zip,2020,%,Município,Taxa publicada para Localização=Total e Dependência/Rede=Total. Nenhuma média calculada entre redes.,"Taxas referem-se às escolas no município. Universo, ensino de 8/9 anos e pandemia exigem avaliação de comparabilidade. '--' é preservado como marcador da fonte.",inep_rendimento_2020,False,"{""localizacao"": ""Total"", ""rede"": ""Total""}","{""MUNICIPIOS "": [""Anos Finais"", ""3_CAT_FUN_AF""]}",45.0
educ_abandono_medio_pct,educ abandono medio pct,INEP — Taxas de rendimento escolar,https://download.inep.gov.br/informacoes_estatisticas/indicadores_educacionais/2020/tx_rend_municipios_2020.zip,2020,%,Município,Taxa publicada para Localização=Total e Dependência/Rede=Total. Nenhuma média calculada entre redes.,"Taxas referem-se às escolas no município. Universo, ensino de 8/9 anos e pandemia exigem avaliação de comparabilidade. '--' é preservado como marcador da fonte.",inep_rendimento_2020,False,"{""localizacao"": ""Total"", ""rede"": ""Total""}","{""MUNICIPIOS "": ["" Ensino Médio"", ""Total  "", ""3_CAT_MED""]}",55.0
educ_aprovacao_fundamental_pct,educ aprovacao fundamental pct,INEP — Taxas de rendimento escolar,https://download.inep.gov.br/informacoes_estatisticas/indicadores_educacionais/2021/tx_rend_municipios_2021.zip,2021,%,Município,Taxa publicada para Localização=Total e Dependência/Rede=Total. Nenhuma média calculada entre redes.,"Taxas referem-se às escolas no município. Universo, ensino de 8/9 anos e pandemia exigem avaliação de comparabilidade. '--' é preservado como marcador da fonte.",inep_rendimento_2021,False,"{""localizacao"": ""Total"", ""rede"": ""Total""}","{""MUNICIPIOS "": [""Taxa de Aprovação"", ""Ensino Fundamental de 8 e 9 anos"", ""Total"", ""1_CAT_FUN""]}",7.0
educ_aprovacao_fundamental_anos_iniciais_pct,educ aprovacao fundamental anos iniciais pct,INEP — Taxas de rendimento escolar,https://download.inep.gov.br/informacoes_estatisticas/indicadores_educacionais/2021/tx_rend_municipios_2021.zip,2021,%,Município,Taxa publicada para Localização=Total e Dependência/Rede=Total. Nenhuma média calculada entre redes.,"Taxas referem-se às escolas no município. Universo, ensino de 8/9 anos e pandemia exigem avaliação de comparabilidade. '--' é preservado como marcador da fonte.",inep_rendimento_2021,False,"{""localizacao"": ""Total"", ""rede"": ""Total""}","{""MUNICIPIOS "": [""Anos Iniciais"", ""1_CAT_FUN_AI""]}",8.0
educ_aprovacao_fundamental_anos_finais_pct,educ aprovacao fundamental anos finais pct,INEP — Taxas de rendimento escolar,https://download.inep.gov.br/informacoes_estatisticas/indicadores_educacionais/2021/tx_rend_municipios_2021.zip,2021,%,Município,Taxa publicada para Localização=Total e Dependência/Rede=Total. Nenhuma média calculada entre redes.,"Taxas referem-se às escolas no município. Universo, ensino de 8/9 anos e pandemia exigem avaliação de comparabilidade. '--' é preservado como marcador da fonte.",inep_rendimento_2021,False,"{""localizacao"": ""Total"", ""rede"": ""Total""}","{""MUNICIPIOS "": [""Anos Finais"", ""1_CAT_FUN_AF""]}",9.0
educ_aprovacao_medio_pct,educ aprovacao medio pct,INEP — Taxas de rendimento escolar,https://download.inep.gov.br/informacoes_estatisticas/indicadores_educacionais/2021/tx_rend_municipios_2021.zip,2021,%,Município,Taxa publicada para Localização=Total e Dependência/Rede=Total. Nenhuma média calculada entre redes.,"Taxas referem-se às escolas no município. Universo, ensino de 8/9 anos e pandemia exigem avaliação de comparabilidade. '--' é preservado como marcador da fonte.",inep_rendimento_2021,False,"{""localizacao"": ""Total"", ""rede"": ""Total""}","{""MUNICIPIOS "": ["" Ensino Médio"", ""Total  "", ""1_CAT_MED""]}",19.0
educ_reprovacao_fundamental_pct,educ reprovacao fundamental pct,INEP — Taxas de rendimento escolar,https://download.inep.gov.br/informacoes_estatisticas/indicadores_educacionais/2021/tx_rend_municipios_2021.zip,2021,%,Município,Taxa publicada para Localização=Total e Dependência/Rede=Total. Nenhuma média calculada entre redes.,"Taxas referem-se às escolas no município. Universo, ensino de 8/9 anos e pandemia exigem avaliação de comparabilidade. '--' é preservado como marcador da fonte.",inep_rendimento_2021,False,"{""localizacao"": ""Total"", ""rede"": ""Total""}","{""MUNICIPIOS "": [""Taxa de Reprovação"", ""Ensino Fundamental de 8 e 9 anos"", ""Total"", ""2_CAT_FUN""]}",25.0
educ_reprovacao_fundamental_anos_iniciais_pct,educ reprovacao fundamental anos iniciais pct,INEP — Taxas de rendimento escolar,https://download.inep.gov.br/informacoes_estatisticas/indicadores_educacionais/2021/tx_rend_municipios_2021.zip,2021,%,Município,Taxa publicada para Localização=Total e Dependência/Rede=Total. Nenhuma média calculada entre redes.,"Taxas referem-se às escolas no município. Universo, ensino de 8/9 anos e pandemia exigem avaliação de comparabilidade. '--' é preservado como marcador da fonte.",inep_rendimento_2021,False,"{""localizacao"": ""Total"", ""rede"": ""Total""}","{""MUNICIPIOS "": [""Anos Iniciais"", ""2_CAT_FUN_AI""]}",26.0
educ_reprovacao_fundamental_anos_finais_pct,educ reprovacao fundamental anos finais pct,INEP — Taxas de rendimento escolar,https://download.inep.gov.br/informacoes_estatisticas/indicadores_educacionais/2021/tx_rend_municipios_2021.zip,2021,%,Município,Taxa publicada para Localização=Total e Dependência/Rede=Total. Nenhuma média calculada entre redes.,"Taxas referem-se às escolas no município. Universo, ensino de 8/9 anos e pandemia exigem avaliação de comparabilidade. '--' é preservado como marcador da fonte.",inep_rendimento_2021,False,"{""localizacao"": ""Total"", ""rede"": ""Total""}","{""MUNICIPIOS "": [""Anos Finais"", ""2_CAT_FUN_AF""]}",27.0
educ_reprovacao_medio_pct,educ reprovacao medio pct,INEP — Taxas de rendimento escolar,https://download.inep.gov.br/informacoes_estatisticas/indicadores_educacionais/2021/tx_rend_municipios_2021.zip,2021,%,Município,Taxa publicada para Localização=Total e Dependência/Rede=Total. Nenhuma média calculada entre redes.,"Taxas referem-se às escolas no município. Universo, ensino de 8/9 anos e pandemia exigem avaliação de comparabilidade. '--' é preservado como marcador da fonte.",inep_rendimento_2021,False,"{""localizacao"": ""Total"", ""rede"": ""Total""}","{""MUNICIPIOS "": ["" Ensino Médio"", ""Total  "", ""2_CAT_MED""]}",37.0
educ_abandono_fundamental_pct,educ abandono fundamental pct,INEP — Taxas de rendimento escolar,https://download.inep.gov.br/informacoes_estatisticas/indicadores_educacionais/2021/tx_rend_municipios_2021.zip,2021,%,Município,Taxa publicada para Localização=Total e Dependência/Rede=Total. Nenhuma média calculada entre redes.,"Taxas referem-se às escolas no município. Universo, ensino de 8/9 anos e pandemia exigem avaliação de comparabilidade. '--' é preservado como marcador da fonte.",inep_rendimento_2021,False,"{""localizacao"": ""Total"", ""rede"": ""Total""}","{""MUNICIPIOS "": [""Taxa de Abandono"", ""Ensino Fundamental de 8 e 9 anos"", ""Total"", ""3_CAT_FUN""]}",43.0
educ_abandono_fundamental_anos_iniciais_pct,educ abandono fundamental anos iniciais pct,INEP — Taxas de rendimento escolar,https://download.inep.gov.br/informacoes_estatisticas/indicadores_educacionais/2021/tx_rend_municipios_2021.zip,2021,%,Município,Taxa publicada para Localização=Total e Dependência/Rede=Total. Nenhuma média calculada entre redes.,"Taxas referem-se às escolas no município. Universo, ensino de 8/9 anos e pandemia exigem avaliação de comparabilidade. '--' é preservado como marcador da fonte.",inep_rendimento_2021,False,"{""localizacao"": ""Total"", ""rede"": ""Total""}","{""MUNICIPIOS "": [""Anos Iniciais"", ""3_CAT_FUN_AI""]}",44.0
educ_abandono_fundamental_anos_finais_pct,educ abandono fundamental anos finais pct,INEP — Taxas de rendimento escolar,https://download.inep.gov.br/informacoes_estatisticas/indicadores_educacionais/2021/tx_rend_municipios_2021.zip,2021,%,Município,Taxa publicada para Localização=Total e Dependência/Rede=Total. Nenhuma média calculada entre redes.,"Taxas referem-se às escolas no município. Universo, ensino de 8/9 anos e pandemia exigem avaliação de comparabilidade. '--' é preservado como marcador da fonte.",inep_rendimento_2021,False,"{""localizacao"": ""Total"", ""rede"": ""Total""}","{""MUNICIPIOS "": [""Anos Finais"", ""3_CAT_FUN_AF""]}",45.0
educ_abandono_medio_pct,educ abandono medio pct,INEP — Taxas de rendimento escolar,https://download.inep.gov.br/informacoes_estatisticas/indicadores_educacionais/2021/tx_rend_municipios_2021.zip,2021,%,Município,Taxa publicada para Localização=Total e Dependência/Rede=Total. Nenhuma média calculada entre redes.,"Taxas referem-se às escolas no município. Universo, ensino de 8/9 anos e pandemia exigem avaliação de comparabilidade. '--' é preservado como marcador da fonte.",inep_rendimento_2021,False,"{""localizacao"": ""Total"", ""rede"": ""Total""}","{""MUNICIPIOS "": ["" Ensino Médio"", ""Total  "", ""3_CAT_MED""]}",55.0
educ_aprovacao_fundamental_pct,educ aprovacao fundamental pct,INEP — Taxas de rendimento escolar,https://download.inep.gov.br/informacoes_estatisticas/indicadores_educacionais/2022/tx_rend_municipios_2022.zip,2022,%,Município,Taxa publicada para Localização=Total e Dependência/Rede=Total. Nenhuma média calculada entre redes.,"Taxas referem-se às escolas no município. Universo, ensino de 8/9 anos e pandemia exigem avaliação de comparabilidade. '--' é preservado como marcador da fonte.",inep_rendimento_2022,False,"{""localizacao"": ""Total"", ""rede"": ""Total""}","{""MUNICIPIOS "": [""Taxa de Aprovação"", ""Ensino Fundamental de 8 e 9 anos"", ""Total"", ""1_CAT_FUN""]}",7.0
educ_aprovacao_fundamental_anos_iniciais_pct,educ aprovacao fundamental anos iniciais pct,INEP — Taxas de rendimento escolar,https://download.inep.gov.br/informacoes_estatisticas/indicadores_educacionais/2022/tx_rend_municipios_2022.zip,2022,%,Município,Taxa publicada para Localização=Total e Dependência/Rede=Total. Nenhuma média calculada entre redes.,"Taxas referem-se às escolas no município. Universo, ensino de 8/9 anos e pandemia exigem avaliação de comparabilidade. '--' é preservado como marcador da fonte.",inep_rendimento_2022,False,"{""localizacao"": ""Total"", ""rede"": ""Total""}","{""MUNICIPIOS "": [""Anos Iniciais"", ""1_CAT_FUN_AI""]}",8.0
educ_aprovacao_fundamental_anos_finais_pct,educ aprovacao fundamental anos finais pct,INEP — Taxas de rendimento escolar,https://download.inep.gov.br/informacoes_estatisticas/indicadores_educacionais/2022/tx_rend_municipios_2022.zip,2022,%,Município,Taxa publicada para Localização=Total e Dependência/Rede=Total. Nenhuma média calculada entre redes.,"Taxas referem-se às escolas no município. Universo, ensino de 8/9 anos e pandemia exigem avaliação de comparabilidade. '--' é preservado como marcador da fonte.",inep_rendimento_2022,False,"{""localizacao"": ""Total"", ""rede"": ""Total""}","{""MUNICIPIOS "": [""Anos Finais"", ""1_CAT_FUN_AF""]}",9.0
educ_aprovacao_medio_pct,educ aprovacao medio pct,INEP — Taxas de rendimento escolar,https://download.inep.gov.br/informacoes_estatisticas/indicadores_educacionais/2022/tx_rend_municipios_2022.zip,2022,%,Município,Taxa publicada para Localização=Total e Dependência/Rede=Total. Nenhuma média calculada entre redes.,"Taxas referem-se às escolas no município. Universo, ensino de 8/9 anos e pandemia exigem avaliação de comparabilidade. '--' é preservado como marcador da fonte.",inep_rendimento_2022,False,"{""localizacao"": ""Total"", ""rede"": ""Total""}","{""MUNICIPIOS "": ["" Ensino Médio"", ""Total  "", ""1_CAT_MED""]}",19.0
educ_reprovacao_fundamental_pct,educ reprovacao fundamental pct,INEP — Taxas de rendimento escolar,https://download.inep.gov.br/informacoes_estatisticas/indicadores_educacionais/2022/tx_rend_municipios_2022.zip,2022,%,Município,Taxa publicada para Localização=Total e Dependência/Rede=Total. Nenhuma média calculada entre redes.,"Taxas referem-se às escolas no município. Universo, ensino de 8/9 anos e pandemia exigem avaliação de comparabilidade. '--' é preservado como marcador da fonte.",inep_rendimento_2022,False,"{""localizacao"": ""Total"", ""rede"": ""Total""}","{""MUNICIPIOS "": [""Taxa de Reprovação"", ""Ensino Fundamental de 8 e 9 anos"", ""Total"", ""2_CAT_FUN""]}",25.0
educ_reprovacao_fundamental_anos_iniciais_pct,educ reprovacao fundamental anos iniciais pct,INEP — Taxas de rendimento escolar,https://download.inep.gov.br/informacoes_estatisticas/indicadores_educacionais/2022/tx_rend_municipios_2022.zip,2022,%,Município,Taxa publicada para Localização=Total e Dependência/Rede=Total. Nenhuma média calculada entre redes.,"Taxas referem-se às escolas no município. Universo, ensino de 8/9 anos e pandemia exigem avaliação de comparabilidade. '--' é preservado como marcador da fonte.",inep_rendimento_2022,False,"{""localizacao"": ""Total"", ""rede"": ""Total""}","{""MUNICIPIOS "": [""Anos Iniciais"", ""2_CAT_FUN_AI""]}",26.0
educ_reprovacao_fundamental_anos_finais_pct,educ reprovacao fundamental anos finais pct,INEP — Taxas de rendimento escolar,https://download.inep.gov.br/informacoes_estatisticas/indicadores_educacionais/2022/tx_rend_municipios_2022.zip,2022,%,Município,Taxa publicada para Localização=Total e Dependência/Rede=Total. Nenhuma média calculada entre redes.,"Taxas referem-se às escolas no município. Universo, ensino de 8/9 anos e pandemia exigem avaliação de comparabilidade. '--' é preservado como marcador da fonte.",inep_rendimento_2022,False,"{""localizacao"": ""Total"", ""rede"": ""Total""}","{""MUNICIPIOS "": [""Anos Finais"", ""2_CAT_FUN_AF""]}",27.0
educ_reprovacao_medio_pct,educ reprovacao medio pct,INEP — Taxas de rendimento escolar,https://download.inep.gov.br/informacoes_estatisticas/indicadores_educacionais/2022/tx_rend_municipios_2022.zip,2022,%,Município,Taxa publicada para Localização=Total e Dependência/Rede=Total. Nenhuma média calculada entre redes.,"Taxas referem-se às escolas no município. Universo, ensino de 8/9 anos e pandemia exigem avaliação de comparabilidade. '--' é preservado como marcador da fonte.",inep_rendimento_2022,False,"{""localizacao"": ""Total"", ""rede"": ""Total""}","{""MUNICIPIOS "": ["" Ensino Médio"", ""Total  "", ""2_CAT_MED""]}",37.0
educ_abandono_fundamental_pct,educ abandono fundamental pct,INEP — Taxas de rendimento escolar,https://download.inep.gov.br/informacoes_estatisticas/indicadores_educacionais/2022/tx_rend_municipios_2022.zip,2022,%,Município,Taxa publicada para Localização=Total e Dependência/Rede=Total. Nenhuma média calculada entre redes.,"Taxas referem-se às escolas no município. Universo, ensino de 8/9 anos e pandemia exigem avaliação de comparabilidade. '--' é preservado como marcador da fonte.",inep_rendimento_2022,False,"{""localizacao"": ""Total"", ""rede"": ""Total""}","{""MUNICIPIOS "": [""Taxa de Abandono"", ""Ensino Fundamental de 8 e 9 anos"", ""Total"", ""3_CAT_FUN""]}",43.0
educ_abandono_fundamental_anos_iniciais_pct,educ abandono fundamental anos iniciais pct,INEP — Taxas de rendimento escolar,https://download.inep.gov.br/informacoes_estatisticas/indicadores_educacionais/2022/tx_rend_municipios_2022.zip,2022,%,Município,Taxa publicada para Localização=Total e Dependência/Rede=Total. Nenhuma média calculada entre redes.,"Taxas referem-se às escolas no município. Universo, ensino de 8/9 anos e pandemia exigem avaliação de comparabilidade. '--' é preservado como marcador da fonte.",inep_rendimento_2022,False,"{""localizacao"": ""Total"", ""rede"": ""Total""}","{""MUNICIPIOS "": [""Anos Iniciais"", ""3_CAT_FUN_AI""]}",44.0
educ_abandono_fundamental_anos_finais_pct,educ abandono fundamental anos finais pct,INEP — Taxas de rendimento escolar,https://download.inep.gov.br/informacoes_estatisticas/indicadores_educacionais/2022/tx_rend_municipios_2022.zip,2022,%,Município,Taxa publicada para Localização=Total e Dependência/Rede=Total. Nenhuma média calculada entre redes.,"Taxas referem-se às escolas no município. Universo, ensino de 8/9 anos e pandemia exigem avaliação de comparabilidade. '--' é preservado como marcador da fonte.",inep_rendimento_2022,False,"{""localizacao"": ""Total"", ""rede"": ""Total""}","{""MUNICIPIOS "": [""Anos Finais"", ""3_CAT_FUN_AF""]}",45.0
educ_abandono_medio_pct,educ abandono medio pct,INEP — Taxas de rendimento escolar,https://download.inep.gov.br/informacoes_estatisticas/indicadores_educacionais/2022/tx_rend_municipios_2022.zip,2022,%,Município,Taxa publicada para Localização=Total e Dependência/Rede=Total. Nenhuma média calculada entre redes.,"Taxas referem-se às escolas no município. Universo, ensino de 8/9 anos e pandemia exigem avaliação de comparabilidade. '--' é preservado como marcador da fonte.",inep_rendimento_2022,False,"{""localizacao"": ""Total"", ""rede"": ""Total""}","{""MUNICIPIOS "": ["" Ensino Médio"", ""Total  "", ""3_CAT_MED""]}",55.0
educ_aprovacao_fundamental_pct,educ aprovacao fundamental pct,INEP — Taxas de rendimento escolar,https://download.inep.gov.br/informacoes_estatisticas/indicadores_educacionais/2023/tx_rend_municipios_2023.zip,2023,%,Município,Taxa publicada para Localização=Total e Dependência/Rede=Total. Nenhuma média calculada entre redes.,"Taxas referem-se às escolas no município. Universo, ensino de 8/9 anos e pandemia exigem avaliação de comparabilidade. '--' é preservado como marcador da fonte.",inep_rendimento_2023,False,"{""localizacao"": ""Total"", ""rede"": ""Total""}","{""MUNICIPIOS "": [""Taxa de Aprovação"", ""Ensino Fundamental de 8 e 9 anos"", ""Total"", ""1_CAT_FUN""]}",7.0
educ_aprovacao_fundamental_anos_iniciais_pct,educ aprovacao fundamental anos iniciais pct,INEP — Taxas de rendimento escolar,https://download.inep.gov.br/informacoes_estatisticas/indicadores_educacionais/2023/tx_rend_municipios_2023.zip,2023,%,Município,Taxa publicada para Localização=Total e Dependência/Rede=Total. Nenhuma média calculada entre redes.,"Taxas referem-se às escolas no município. Universo, ensino de 8/9 anos e pandemia exigem avaliação de comparabilidade. '--' é preservado como marcador da fonte.",inep_rendimento_2023,False,"{""localizacao"": ""Total"", ""rede"": ""Total""}","{""MUNICIPIOS "": [""Anos Iniciais"", ""1_CAT_FUN_AI""]}",8.0
educ_aprovacao_fundamental_anos_finais_pct,educ aprovacao fundamental anos finais pct,INEP — Taxas de rendimento escolar,https://download.inep.gov.br/informacoes_estatisticas/indicadores_educacionais/2023/tx_rend_municipios_2023.zip,2023,%,Município,Taxa publicada para Localização=Total e Dependência/Rede=Total. Nenhuma média calculada entre redes.,"Taxas referem-se às escolas no município. Universo, ensino de 8/9 anos e pandemia exigem avaliação de comparabilidade. '--' é preservado como marcador da fonte.",inep_rendimento_2023,False,"{""localizacao"": ""Total"", ""rede"": ""Total""}","{""MUNICIPIOS "": [""Anos Finais"", ""1_CAT_FUN_AF""]}",9.0
educ_aprovacao_medio_pct,educ aprovacao medio pct,INEP — Taxas de rendimento escolar,https://download.inep.gov.br/informacoes_estatisticas/indicadores_educacionais/2023/tx_rend_municipios_2023.zip,2023,%,Município,Taxa publicada para Localização=Total e Dependência/Rede=Total. Nenhuma média calculada entre redes.,"Taxas referem-se às escolas no município. Universo, ensino de 8/9 anos e pandemia exigem avaliação de comparabilidade. '--' é preservado como marcador da fonte.",inep_rendimento_2023,False,"{""localizacao"": ""Total"", ""rede"": ""Total""}","{""MUNICIPIOS "": ["" Ensino Médio"", ""Total  "", ""1_CAT_MED""]}",19.0
educ_reprovacao_fundamental_pct,educ reprovacao fundamental pct,INEP — Taxas de rendimento escolar,https://download.inep.gov.br/informacoes_estatisticas/indicadores_educacionais/2023/tx_rend_municipios_2023.zip,2023,%,Município,Taxa publicada para Localização=Total e Dependência/Rede=Total. Nenhuma média calculada entre redes.,"Taxas referem-se às escolas no município. Universo, ensino de 8/9 anos e pandemia exigem avaliação de comparabilidade. '--' é preservado como marcador da fonte.",inep_rendimento_2023,False,"{""localizacao"": ""Total"", ""rede"": ""Total""}","{""MUNICIPIOS "": [""Taxa de Reprovação"", ""Ensino Fundamental de 8 e 9 anos"", ""Total"", ""2_CAT_FUN""]}",25.0
educ_reprovacao_fundamental_anos_iniciais_pct,educ reprovacao fundamental anos iniciais pct,INEP — Taxas de rendimento escolar,https://download.inep.gov.br/informacoes_estatisticas/indicadores_educacionais/2023/tx_rend_municipios_2023.zip,2023,%,Município,Taxa publicada para Localização=Total e Dependência/Rede=Total. Nenhuma média calculada entre redes.,"Taxas referem-se às escolas no município. Universo, ensino de 8/9 anos e pandemia exigem avaliação de comparabilidade. '--' é preservado como marcador da fonte.",inep_rendimento_2023,False,"{""localizacao"": ""Total"", ""rede"": ""Total""}","{""MUNICIPIOS "": [""Anos Iniciais"", ""2_CAT_FUN_AI""]}",26.0
educ_reprovacao_fundamental_anos_finais_pct,educ reprovacao fundamental anos finais pct,INEP — Taxas de rendimento escolar,https://download.inep.gov.br/informacoes_estatisticas/indicadores_educacionais/2023/tx_rend_municipios_2023.zip,2023,%,Município,Taxa publicada para Localização=Total e Dependência/Rede=Total. Nenhuma média calculada entre redes.,"Taxas referem-se às escolas no município. Universo, ensino de 8/9 anos e pandemia exigem avaliação de comparabilidade. '--' é preservado como marcador da fonte.",inep_rendimento_2023,False,"{""localizacao"": ""Total"", ""rede"": ""Total""}","{""MUNICIPIOS "": [""Anos Finais"", ""2_CAT_FUN_AF""]}",27.0
educ_reprovacao_medio_pct,educ reprovacao medio pct,INEP — Taxas de rendimento escolar,https://download.inep.gov.br/informacoes_estatisticas/indicadores_educacionais/2023/tx_rend_municipios_2023.zip,2023,%,Município,Taxa publicada para Localização=Total e Dependência/Rede=Total. Nenhuma média calculada entre redes.,"Taxas referem-se às escolas no município. Universo, ensino de 8/9 anos e pandemia exigem avaliação de comparabilidade. '--' é preservado como marcador da fonte.",inep_rendimento_2023,False,"{""localizacao"": ""Total"", ""rede"": ""Total""}","{""MUNICIPIOS "": ["" Ensino Médio"", ""Total  "", ""2_CAT_MED""]}",37.0
educ_abandono_fundamental_pct,educ abandono fundamental pct,INEP — Taxas de rendimento escolar,https://download.inep.gov.br/informacoes_estatisticas/indicadores_educacionais/2023/tx_rend_municipios_2023.zip,2023,%,Município,Taxa publicada para Localização=Total e Dependência/Rede=Total. Nenhuma média calculada entre redes.,"Taxas referem-se às escolas no município. Universo, ensino de 8/9 anos e pandemia exigem avaliação de comparabilidade. '--' é preservado como marcador da fonte.",inep_rendimento_2023,False,"{""localizacao"": ""Total"", ""rede"": ""Total""}","{""MUNICIPIOS "": [""Taxa de Abandono"", ""Ensino Fundamental de 8 e 9 anos"", ""Total"", ""3_CAT_FUN""]}",43.0
educ_abandono_fundamental_anos_iniciais_pct,educ abandono fundamental anos iniciais pct,INEP — Taxas de rendimento escolar,https://download.inep.gov.br/informacoes_estatisticas/indicadores_educacionais/2023/tx_rend_municipios_2023.zip,2023,%,Município,Taxa publicada para Localização=Total e Dependência/Rede=Total. Nenhuma média calculada entre redes.,"Taxas referem-se às escolas no município. Universo, ensino de 8/9 anos e pandemia exigem avaliação de comparabilidade. '--' é preservado como marcador da fonte.",inep_rendimento_2023,False,"{""localizacao"": ""Total"", ""rede"": ""Total""}","{""MUNICIPIOS "": [""Anos Iniciais"", ""3_CAT_FUN_AI""]}",44.0
educ_abandono_fundamental_anos_finais_pct,educ abandono fundamental anos finais pct,INEP — Taxas de rendimento escolar,https://download.inep.gov.br/informacoes_estatisticas/indicadores_educacionais/2023/tx_rend_municipios_2023.zip,2023,%,Município,Taxa publicada para Localização=Total e Dependência/Rede=Total. Nenhuma média calculada entre redes.,"Taxas referem-se às escolas no município. Universo, ensino de 8/9 anos e pandemia exigem avaliação de comparabilidade. '--' é preservado como marcador da fonte.",inep_rendimento_2023,False,"{""localizacao"": ""Total"", ""rede"": ""Total""}","{""MUNICIPIOS "": [""Anos Finais"", ""3_CAT_FUN_AF""]}",45.0
educ_abandono_medio_pct,educ abandono medio pct,INEP — Taxas de rendimento escolar,https://download.inep.gov.br/informacoes_estatisticas/indicadores_educacionais/2023/tx_rend_municipios_2023.zip,2023,%,Município,Taxa publicada para Localização=Total e Dependência/Rede=Total. Nenhuma média calculada entre redes.,"Taxas referem-se às escolas no município. Universo, ensino de 8/9 anos e pandemia exigem avaliação de comparabilidade. '--' é preservado como marcador da fonte.",inep_rendimento_2023,False,"{""localizacao"": ""Total"", ""rede"": ""Total""}","{""MUNICIPIOS "": ["" Ensino Médio"", ""Total  "", ""3_CAT_MED""]}",55.0
